rec_time,UTC,Pupil X,Pupil Y,Left Eye_Pupil X,Left Eye_Pupil Y,Left Eye_Pupil Area,Left Eye_Pupil Height,Left Eye_Pupil Width,Left Eye_Fixations_Fixations,Left Eye_Fixations_Fixations Duration,Left Eye_Saccades_Saccades,Left Eye_Saccades_Saccades Duration,Left Eye_Saccades_Saccades Angle,Right Eye_Pupil X,Right Eye_Pupil Y,Right Eye_Pupil Area,Right Eye_Pupil Height,Right Eye_Pupil Width,Right Eye_Fixations_Fixations,Right Eye_Fixations_Fixations Duration,Right Eye_Saccades_Saccades,Right Eye_Saccades_Saccades Duration,Right Eye_Saccades_Saccades Angle
00:07:01.394,1705491758161,189.825,105.389,170.167,84.312,43.798,8.716,6.401,1,0,0,0,0.0,209.482,126.467,245.321,22.763,13.729,1.0,0.0,0.0,0.0,0.0
00:07:01.411,1705491758178,177.286,126.76,145.0,126.5,28.186,6.691,5.366,0,34,1,0,0.0,209.572,127.02,273.813,23.764,14.678,1.0,0.0,0.0,0.0,0.0
00:07:01.427,1705491758194,189.61,105.218,169.994,84.186,41.754,8.484,6.269,0,0,1,0,0.0,209.227,126.25,267.631,22.893,14.892,1.0,0.0,0.0,0.0,0.0
00:07:01.444,1705491758211,177.176,126.992,144.622,126.792,55.107,9.78,7.178,0,0,1,0,0.0,209.73,127.192,264.748,23.293,14.479,1.0,0.0,0.0,0.0,0.0
00:07:01.461,1705491758228,198.986,123.277,188.582,120.307,282.686,24.146,14.914,0,0,1,0,0.0,209.39,126.247,256.287,22.98,14.207,1.0,0.0,0.0,0.0,0.0
00:07:01.477,1705491758244,178.398,130.688,147.358,135.133,95.299,13.875,8.749,0,0,1,0,0.0,0.0,0.0,0.0,0.0,0.0,0.0,183.0,0.0,0.0,0.0
00:07:01.494,1705491758261,198.854,123.601,188.067,120.047,277.978,24.171,14.65,0,0,1,0,0.0,209.437,126.242,255.379,22.77,14.288,0.0,0.0,0.0,0.0,0.0
00:07:01.511,1705491758278,200.603,122.575,191.824,118.93,324.407,25.464,16.229,1,0,0,100,15.804,209.64,127.155,266.66,23.605,14.391,1.0,0.0,0.0,0.0,0.0
00:07:01.527,1705491758294,199.195,123.389,188.907,119.643,281.283,24.118,14.857,1,0,0,0,0.0,209.383,126.219,256.715,22.897,14.283,1.0,0.0,0.0,0.0,0.0
00:07:01.544,1705491758311,0.0,0.0,0.0,0.0,0.0,0.0,0.0,0,33,0,0,0.0,209.482,127.134,253.477,22.927,14.084,1.0,0.0,0.0,0.0,0.0
00:07:01.561,1705491758328,182.132,82.28,159.5,81.0,31.639,7.55,5.339,0,0,0,0,0.0,0.0,0.0,0.0,0.0,0.0,0.0,50.0,0.0,0.0,0.0
00:07:01.577,1705491758344,185.657,130.44,161.72,134.708,36.861,7.478,6.28,0,0,1,0,0.0,0.0,0.0,0.0,0.0,0.0,0.0,0.0,0.0,0.0,0.0
00:07:01.594,1705491758361,200.414,121.638,191.382,116.505,385.034,27.309,17.961,0,0,1,0,0.0,209.594,126.172,235.184,21.085,14.209,0.0,0.0,0.0,0.0,0.0
00:07:01.611,1705491758378,206.348,126.335,189.357,120.36,226.754,21.707,13.307,0,0,1,0,0.0,209.447,126.771,232.432,22.078,13.411,1.0,0.0,0.0,0.0,0.0
00:07:01.627,1705491758394,201.312,121.372,193.56,116.024,311.22,24.559,16.143,0,0,1,0,0.0,0.0,0.0,0.0,0.0,0.0,0.0,16.0,0.0,0.0,0.0
00:07:01.644,1705491758411,201.657,121.162,193.735,116.33,322.011,24.717,16.596,1,0,0,67,14.767,209.065,126.72,226.516,21.595,13.362,0.0,0.0,0.0,0.0,0.0
00:07:01.661,1705491758428,201.578,121.108,193.662,115.591,304.8,24.595,15.787,1,0,0,0,0.0,209.579,125.995,218.398,20.999,13.249,1.0,0.0,0.0,0.0,0.0
00:07:01.677,1705491758444,210.829,121.833,193.838,115.858,316.995,24.348,16.585,1,0,0,0,0.0,209.494,126.625,224.737,20.957,13.661,1.0,0.0,0.0,0.0,0.0
00:07:01.694,1705491758461,201.676,121.251,193.9,115.734,310.021,24.838,15.9,1,0,0,0,0.0,0.0,0.0,0.0,0.0,0.0,0.0,33.0,0.0,0.0,0.0
00:07:01.711,1705491758478,201.527,120.635,193.768,115.466,302.023,24.733,15.556,1,0,0,0,0.0,209.452,126.768,222.4,21.216,13.353,0.0,0.0,0.0,0.0,0.0
00:07:01.727,1705491758494,201.798,121.091,194.259,115.678,294.446,23.684,15.837,1,0,0,0,0.0,209.287,125.804,224.582,21.53,13.288,1.0,0.0,0.0,0.0,0.0
00:07:01.744,1705491758511,202.015,120.856,194.35,115.774,295.354,23.609,15.936,1,0,0,0,0.0,209.337,126.504,223.456,20.658,13.78,1.0,0.0,0.0,0.0,0.0
00:07:01.761,1705491758528,201.899,120.998,194.092,115.174,285.03,23.825,15.24,1,0,0,0,0.0,209.679,125.938,218.836,20.704,13.465,1.0,0.0,0.0,0.0,0.0
00:07:01.777,1705491758544,200.711,121.525,191.817,117.186,389.405,24.886,19.933,1,0,0,0,0.0,209.707,126.822,216.967,21.146,13.071,1.0,0.0,0.0,0.0,0.0
00:07:01.794,1705491758561,201.684,121.146,193.82,115.693,305.321,22.743,17.102,1,0,0,0,0.0,209.606,125.864,221.567,20.796,13.572,1.0,0.0,0.0,0.0,0.0
00:07:01.811,1705491758578,200.68,121.803,191.545,117.559,406.932,25.644,20.215,1,0,0,0,0.0,209.548,126.599,212.398,20.972,12.902,1.0,0.0,0.0,0.0,0.0
00:07:01.827,1705491758594,211.034,121.561,194.042,115.585,304.697,23.032,16.853,1,0,0,0,0.0,209.815,126.046,212.966,20.691,13.112,1.0,0.0,0.0,0.0,0.0
00:07:01.844,1705491758611,200.553,121.764,191.578,117.642,397.002,24.376,20.747,1,0,0,0,0.0,0.0,0.0,0.0,0.0,0.0,0.0,117.0,0.0,0.0,0.0
00:07:01.861,1705491758628,201.03,120.736,193.96,115.384,297.079,22.811,16.59,1,0,0,0,0.0,209.528,125.886,228.691,21.869,13.322,0.0,0.0,0.0,0.0,0.0
00:07:01.877,1705491758644,194.536,121.266,187.824,118.39,362.372,24.559,18.796,0,233,1,0,0.0,208.101,126.088,207.046,19.572,13.476,1.0,0.0,0.0,0.0,0.0
00:07:01.894,1705491758661,185.954,122.996,179.303,119.755,341.439,23.259,18.7,0,0,1,0,0.0,201.249,124.142,254.561,20.284,15.987,0.0,17.0,1.0,0.0,0.0
00:07:01.911,1705491758678,178.005,124.423,171.109,121.339,272.581,21.108,16.45,0,0,1,0,0.0,192.604,126.236,257.171,20.405,16.055,0.0,0.0,1.0,0.0,0.0
00:07:01.927,1705491758694,170.724,127.3,163.157,124.309,221.85,18.035,15.67,0,0,1,0,0.0,184.902,127.508,264.434,19.922,16.909,0.0,0.0,1.0,0.0,0.0
00:07:01.944,1705491758711,165.649,127.94,156.507,126.5,287.046,20.441,17.889,0,0,1,0,0.0,178.29,130.291,254.462,18.567,17.458,0.0,0.0,1.0,0.0,0.0
00:07:01.961,1705491758728,162.066,128.934,151.765,128.044,269.202,20.059,17.096,0,0,1,0,0.0,174.79,129.38,258.35,20.756,15.856,1.0,0.0,0.0,67.0,12.042
00:07:01.977,1705491758744,159.334,129.921,148.72,129.321,277.184,20.656,17.094,1,0,0,100,17.353,172.366,129.824,203.229,19.455,13.307,1.0,0.0,0.0,0.0,0.0
00:07:01.994,1705491758761,159.854,129.426,148.313,128.863,278.937,20.42,17.401,1,0,0,0,0.0,169.949,130.521,259.985,21.2,15.622,1.0,0.0,0.0,0.0,0.0
00:07:02.011,1705491758778,160.164,129.375,148.568,129.408,276.277,20.217,17.409,1,0,0,0,0.0,171.396,129.989,233.351,19.74,15.059,1.0,0.0,0.0,0.0,0.0
00:07:02.027,1705491758794,159.893,129.505,148.581,128.829,271.777,20.325,17.034,1,0,0,0,0.0,171.759,129.342,230.934,19.935,14.757,1.0,0.0,0.0,0.0,0.0
00:07:02.044,1705491758811,159.593,129.647,148.582,129.404,279.66,20.347,17.509,1,0,0,0,0.0,171.205,130.18,247.661,20.144,15.662,1.0,0.0,0.0,0.0,0.0
00:07:02.061,1705491758828,159.558,129.643,148.412,128.533,282.25,20.493,17.545,1,0,0,0,0.0,170.604,129.89,255.731,21.267,15.318,1.0,0.0,0.0,0.0,0.0
00:07:02.077,1705491758844,159.846,129.573,148.374,129.275,284.919,20.677,17.554,1,0,0,0,0.0,170.704,130.752,262.958,21.294,15.731,1.0,0.0,0.0,0.0,0.0
00:07:02.094,1705491758861,159.668,129.966,148.385,128.72,265.356,20.187,16.745,1,0,0,0,0.0,171.319,129.871,255.411,20.409,15.942,1.0,0.0,0.0,0.0,0.0
00:07:02.111,1705491758878,159.874,129.539,148.359,129.127,278.761,20.579,17.256,1,0,0,0,0.0,170.952,131.212,264.866,19.455,17.343,1.0,0.0,0.0,0.0,0.0
00:07:02.127,1705491758894,159.951,129.56,148.414,128.517,264.697,19.972,16.883,1,0,0,0,0.0,171.389,129.952,267.584,20.845,16.353,1.0,0.0,0.0,0.0,0.0
00:07:02.144,1705491758911,163.208,129.572,149.092,128.782,272.44,19.487,17.809,1,0,0,0,0.0,171.489,130.602,271.562,20.093,17.217,1.0,0.0,0.0,0.0,0.0
00:07:02.161,1705491758928,0.0,0.0,0.0,0.0,0.0,0.0,0.0,0,184,0,0,0.0,177.325,130.361,199.51,16.915,15.026,0.0,200.0,1.0,0.0,0.0
00:07:02.177,1705491758944,0.0,0.0,0.0,0.0,0.0,0.0,0.0,0,0,0,0,0.0,0.0,0.0,0.0,0.0,0.0,0.0,0.0,0.0,16.0,2.334
00:07:02.194,1705491758961,0.0,0.0,0.0,0.0,0.0,0.0,0.0,0,0,0,0,0.0,0.0,0.0,0.0,0.0,0.0,0.0,0.0,0.0,0.0,0.0
00:07:02.211,1705491758978,0.0,0.0,0.0,0.0,0.0,0.0,0.0,0,0,0,0,0.0,0.0,0.0,0.0,0.0,0.0,0.0,0.0,0.0,0.0,0.0
00:07:02.227,1705491758994,0.0,0.0,0.0,0.0,0.0,0.0,0.0,0,0,0,0,0.0,0.0,0.0,0.0,0.0,0.0,0.0,0.0,0.0,0.0,0.0
00:07:02.244,1705491759011,0.0,0.0,0.0,0.0,0.0,0.0,0.0,0,0,0,0,0.0,0.0,0.0,0.0,0.0,0.0,0.0,0.0,0.0,0.0,0.0
00:07:02.261,1705491759028,0.0,0.0,0.0,0.0,0.0,0.0,0.0,0,0,0,0,0.0,0.0,0.0,0.0,0.0,0.0,0.0,0.0,0.0,0.0,0.0
00:07:02.277,1705491759044,190.652,119.49,0.0,0.0,0.0,0.0,0.0,0,0,0,0,0.0,207.643,125.466,220.775,21.222,13.252,0.0,0.0,0.0,0.0,0.0
00:07:02.294,1705491759061,198.612,119.765,190.623,116.627,350.751,23.312,19.167,0,0,0,0,0.0,206.601,122.902,252.76,20.944,15.373,1.0,0.0,0.0,0.0,0.0
00:07:02.311,1705491759078,199.365,120.786,191.2,116.22,348.019,24.32,18.229,1,0,0,0,0.0,207.529,125.352,230.52,21.281,13.799,1.0,0.0,0.0,0.0,0.0
00:07:02.327,1705491759094,198.659,118.401,190.629,115.461,322.203,25.505,16.093,1,0,0,0,0.0,206.69,121.341,253.039,21.309,15.127,0.0,33.0,1.0,0.0,0.0
00:07:02.344,1705491759111,198.742,119.261,190.932,116.578,374.104,24.481,19.467,1,0,0,0,0.0,206.553,121.943,254.113,20.759,15.594,1.0,0.0,0.0,17.0,1.125
00:07:02.361,1705491759128,198.679,118.872,190.533,116.169,314.314,24.531,16.323,1,0,0,0,0.0,206.825,121.576,263.312,20.035,16.742,1.0,0.0,0.0,0.0,0.0
00:07:02.377,1705491759144,198.918,119.599,191.361,117.193,334.135,24.219,17.575,1,0,0,0,0.0,206.476,122.005,274.408,21.352,16.371,1.0,0.0,0.0,0.0,0.0
00:07:02.394,1705491759161,198.374,119.002,190.443,116.098,332.318,24.469,17.301,1,0,0,0,0.0,206.305,121.906,267.91,20.741,16.455,1.0,0.0,0.0,0.0,0.0
00:07:02.411,1705491759178,198.454,119.294,191.079,116.247,325.241,26.029,15.918,1,0,0,0,0.0,205.829,122.34,257.14,21.038,15.57,1.0,0.0,0.0,0.0,0.0
00:07:02.427,1705491759194,197.416,122.599,186.742,119.45,152.565,15.973,12.167,0,116,1,0,0.0,208.09,125.748,233.542,21.223,14.018,0.0,83.0,1.0,0.0,0.0
00:07:02.444,1705491759211,199.516,121.233,191.155,115.915,343.834,26.253,16.684,0,0,1,0,0.0,207.876,126.551,210.593,20.289,13.223,1.0,0.0,0.0,17.0,1.662
00:07:02.461,1705491759228,197.297,122.823,186.568,119.587,168.693,16.875,12.735,0,0,1,0,0.0,208.025,126.059,214.601,20.241,13.506,1.0,0.0,0.0,0.0,0.0
00:07:02.477,1705491759244,198.441,118.971,191.131,116.043,339.547,26.34,16.422,0,0,1,0,0.0,205.751,121.899,254.706,21.109,15.371,0.0,33.0,1.0,0.0,0.0
00:07:02.494,1705491759261,197.515,122.615,186.885,119.2,175.987,17.427,12.864,0,0,1,0,0.0,208.145,126.03,219.504,20.323,13.759,0.0,0.0,1.0,0.0,0.0
00:07:02.511,1705491759278,199.6,121.567,191.202,116.239,335.742,26.631,16.06,0,0,1,0,0.0,207.998,126.895,230.267,21.704,13.515,1.0,0.0,0.0,34.0,0.135
00:07:02.527,1705491759294,189.679,116.37,0.0,0.0,0.0,0.0,0.0,0,0,0,100,0.129,206.671,122.346,297.724,21.359,17.757,0.0,16.0,1.0,0.0,0.0
00:07:02.544,1705491759311,198.921,119.654,191.313,116.403,324.424,25.872,15.974,0,0,0,0,0.0,206.529,122.905,302.512,21.514,17.913,1.0,0.0,0.0,17.0,1.896
00:07:02.561,1705491759328,198.465,119.486,190.724,117.238,329.371,23.805,17.626,1,0,0,0,0.0,206.207,121.734,278.693,21.706,16.356,1.0,0.0,0.0,0.0,0.0
00:07:02.577,1705491759344,197.685,123.481,187.404,120.215,210.0,20.254,13.208,0,16,1,0,0.0,207.967,126.747,234.191,21.539,13.851,0.0,33.0,1.0,0.0,0.0
00:07:02.594,1705491759361,198.228,118.86,190.377,116.246,350.346,27.054,16.497,0,0,1,0,0.0,206.078,121.474,282.538,23.251,15.48,0.0,0.0,1.0,0.0,0.0
00:07:02.611,1705491759378,198.684,119.245,191.504,116.526,319.193,24.909,16.324,1,0,0,34,0.42,205.863,121.965,294.268,23.483,15.963,1.0,0.0,0.0,34.0,0.358
00:07:02.627,1705491759394,199.023,120.632,190.282,116.565,322.255,23.645,17.362,1,0,0,0,0.0,207.765,124.7,243.987,21.616,14.379,1.0,0.0,0.0,0.0,0.0
00:07:02.644,1705491759411,199.142,120.643,190.774,116.287,359.185,24.055,19.021,1,0,0,0,0.0,207.51,124.999,224.016,21.394,13.339,1.0,0.0,0.0,0.0,0.0
00:07:02.661,1705491759428,198.368,120.194,190.197,116.005,337.436,22.858,18.805,1,0,0,0,0.0,206.539,124.384,219.368,19.759,14.143,1.0,0.0,0.0,0.0,0.0
00:07:02.677,1705491759444,198.437,118.421,190.515,116.586,375.156,24.707,19.343,1,0,0,0,0.0,206.359,120.255,261.351,22.646,14.702,1.0,0.0,0.0,0.0,0.0
00:07:02.694,1705491759461,198.508,120.078,190.28,116.069,323.371,23.512,17.52,1,0,0,0,0.0,206.735,124.087,230.675,19.644,14.959,1.0,0.0,0.0,0.0,0.0
00:07:02.711,1705491759478,198.231,118.612,189.978,116.448,336.267,23.345,18.35,1,0,0,0,0.0,206.484,120.776,274.737,22.668,15.439,1.0,0.0,0.0,0.0,0.0
00:07:02.727,1705491759494,198.803,120.165,190.402,116.26,349.348,23.455,18.974,1,0,0,0,0.0,207.204,124.07,231.615,19.993,14.758,1.0,0.0,0.0,0.0,0.0
00:07:02.744,1705491759511,198.717,120.757,190.227,116.441,342.061,23.437,18.592,1,0,0,0,0.0,207.208,125.073,219.589,21.253,13.162,1.0,0.0,0.0,0.0,0.0
00:07:02.761,1705491759528,198.326,118.176,190.705,116.305,320.343,23.427,17.42,1,0,0,0,0.0,205.947,120.047,279.136,23.301,15.26,0.0,150.0,1.0,0.0,0.0
00:07:02.777,1705491759544,198.428,119.091,190.421,116.563,340.063,23.22,18.656,1,0,0,0,0.0,206.434,121.619,287.771,21.537,17.021,1.0,0.0,0.0,16.0,1.377
00:07:02.794,1705491759561,198.379,118.111,190.402,115.94,312.047,23.335,17.035,1,0,0,0,0.0,206.355,120.282,266.737,22.449,15.136,1.0,0.0,0.0,0.0,0.0
00:07:02.811,1705491759578,198.436,118.351,190.07,116.015,347.751,23.69,18.7,1,0,0,0,0.0,206.803,120.687,263.584,22.327,15.039,1.0,0.0,0.0,0.0,0.0
00:07:02.827,1705491759594,207.263,122.012,190.272,116.036,302.377,23.014,16.738,1,0,0,0,0.0,0.0,0.0,0.0,0.0,0.0,0.0,50.0,0.0,0.0,0.0
00:07:02.844,1705491759611,199.321,120.039,191.334,115.911,348.858,22.753,19.532,1,0,0,0,0.0,0.0,0.0,0.0,0.0,0.0,0.0,0.0,0.0,0.0,0.0
00:07:02.861,1705491759628,207.212,121.743,190.221,115.768,319.263,23.475,17.325,1,0,0,0,0.0,207.307,124.167,232.583,20.539,14.426,0.0,0.0,0.0,0.0,0.0
00:07:02.877,1705491759644,198.472,118.402,190.442,116.644,338.945,23.672,18.24,1,0,0,0,0.0,0.0,0.0,0.0,0.0,0.0,0.0,0.0,0.0,0.0,0.0
00:07:02.894,1705491759661,198.856,118.108,190.958,115.939,309.507,22.444,17.567,1,0,0,0,0.0,206.503,120.16,240.511,21.797,14.056,0.0,0.0,0.0,0.0,0.0
00:07:02.911,1705491759678,198.829,118.267,191.099,116.314,327.623,22.256,18.752,1,0,0,0,0.0,206.754,120.276,235.853,22.172,13.551,1.0,0.0,0.0,0.0,0.0
00:07:02.927,1705491759694,198.741,120.431,190.314,115.843,311.204,22.539,17.589,1,0,0,0,0.0,206.559,120.219,247.229,21.169,14.877,1.0,0.0,0.0,0.0,0.0
00:07:02.944,1705491759711,198.989,119.958,190.531,116.407,320.348,21.661,18.839,1,0,0,0,0.0,207.167,125.019,214.828,21.052,13.0,0.0,33.0,1.0,0.0,0.0
00:07:02.961,1705491759728,199.067,120.291,190.705,116.061,323.558,22.997,17.923,1,0,0,0,0.0,207.447,123.508,247.257,20.069,15.694,1.0,0.0,0.0,17.0,1.919
00:07:02.977,1705491759744,198.896,119.778,190.872,116.216,318.69,22.546,18.006,1,0,0,0,0.0,207.429,124.521,229.051,20.449,14.269,1.0,0.0,0.0,0.0,0.0
00:07:02.994,1705491759761,198.779,118.295,191.25,116.021,320.328,22.681,17.991,1,0,0,0,0.0,206.92,123.339,211.36,19.172,14.044,1.0,0.0,0.0,0.0,0.0
00:07:03.011,1705491759778,198.955,117.889,191.101,116.157,329.274,22.881,18.332,1,0,0,0,0.0,206.308,120.568,255.023,23.159,14.028,1.0,0.0,0.0,0.0,0.0
00:07:03.027,1705491759794,198.98,117.958,191.03,115.438,317.926,22.204,18.24,1,0,0,0,0.0,206.808,119.622,218.53,21.106,13.19,1.0,0.0,0.0,0.0,0.0
00:07:03.044,1705491759811,198.827,119.287,191.055,115.942,322.224,22.372,18.348,1,0,0,0,0.0,206.931,120.477,224.089,21.269,13.422,1.0,0.0,0.0,0.0,0.0
00:07:03.061,1705491759828,199.088,120.178,190.902,115.654,295.284,21.866,17.203,1,0,0,0,0.0,206.6,122.633,230.226,19.243,15.241,1.0,0.0,0.0,0.0,0.0
00:07:03.077,1705491759844,198.588,117.923,191.104,115.905,331.583,21.746,19.424,1,0,0,0,0.0,207.273,124.702,213.961,19.611,13.899,1.0,0.0,0.0,0.0,0.0
00:07:03.094,1705491759861,198.718,119.911,190.437,115.453,313.388,22.967,17.382,1,0,0,0,0.0,206.072,119.94,234.023,21.824,13.66,0.0,133.0,1.0,0.0,0.0
00:07:03.111,1705491759878,199.066,119.465,191.315,115.864,330.056,22.15,18.982,1,0,0,0,0.0,206.998,124.368,213.513,19.268,14.116,0.0,0.0,1.0,0.0,0.0
00:07:03.127,1705491759894,199.173,120.341,190.738,115.896,305.893,21.283,18.309,1,0,0,0,0.0,206.816,123.065,210.474,19.139,14.009,1.0,0.0,0.0,33.0,0.779
00:07:03.144,1705491759911,199.199,119.689,191.201,115.916,335.029,22.134,19.282,1,0,0,0,0.0,207.608,124.786,221.568,20.524,13.753,1.0,0.0,0.0,0.0,0.0
00:07:03.161,1705491759928,199.023,118.241,190.925,115.551,309.083,22.444,17.543,1,0,0,0,0.0,207.198,123.462,218.332,20.311,13.694,1.0,0.0,0.0,0.0,0.0
00:07:03.177,1705491759944,199.371,119.883,191.845,116.243,310.274,21.897,18.05,1,0,0,0,0.0,207.121,120.931,234.491,20.742,14.401,1.0,0.0,0.0,0.0,0.0
00:07:03.194,1705491759961,198.846,118.399,190.684,116.085,306.148,21.374,18.246,1,0,0,0,0.0,206.897,123.524,211.993,20.271,13.322,1.0,0.0,0.0,0.0,0.0
00:07:03.211,1705491759978,199.187,119.695,191.261,116.087,325.726,22.34,18.573,1,0,0,0,0.0,207.008,120.714,234.86,21.979,13.612,1.0,0.0,0.0,0.0,0.0
00:07:03.227,1705491759994,199.324,120.252,191.087,115.593,325.078,21.834,18.966,1,0,0,0,0.0,207.112,123.303,210.531,20.186,13.286,1.0,0.0,0.0,0.0,0.0
00:07:03.244,1705491760011,198.912,119.898,191.192,116.323,318.429,21.861,18.556,1,0,0,0,0.0,207.561,124.91,221.901,21.083,13.408,1.0,0.0,0.0,0.0,0.0
00:07:03.261,1705491760028,197.757,119.739,190.409,116.274,308.571,22.629,17.371,1,0,0,0,0.0,206.631,123.473,204.982,19.82,13.175,1.0,0.0,0.0,0.0,0.0
00:07:03.277,1705491760044,193.562,120.728,190.409,116.274,308.571,22.629,17.371,1,0,0,0,0.0,205.105,123.204,222.085,19.742,14.33,1.0,0.0,0.0,0.0,0.0
00:07:03.294,1705491760061,181.335,123.259,175.087,119.573,268.528,20.33,16.826,0,0,1,0,0.0,196.714,125.181,224.711,18.754,15.264,0.0,167.0,1.0,0.0,0.0
00:07:03.311,1705491760078,173.4,125.565,166.277,122.55,323.51,22.374,18.419,0,0,1,0,0.0,187.584,126.945,263.737,19.827,16.945,0.0,0.0,1.0,0.0,0.0
00:07:03.327,1705491760094,170.962,125.985,166.277,122.55,323.51,22.374,18.419,0,0,1,0,0.0,180.522,128.58,289.387,19.826,18.594,0.0,0.0,1.0,0.0,0.0
00:07:03.344,1705491760111,164.132,127.917,153.833,127.506,287.467,20.251,18.083,0,733,1,0,0.0,175.647,129.42,273.293,19.361,17.982,0.0,0.0,1.0,0.0,0.0
00:07:03.361,1705491760128,161.491,128.75,150.13,128.591,260.35,19.539,16.974,1,0,0,0,0.0,174.432,128.328,195.794,19.877,12.548,1.0,0.0,0.0,67.0,12.754
00:07:03.377,1705491760144,162.283,128.74,150.13,128.591,260.35,19.539,16.974,1,0,0,83,4.521,172.852,128.908,184.152,19.493,12.035,1.0,0.0,0.0,0.0,0.0
00:07:03.394,1705491760161,160.459,129.023,149.055,128.872,267.087,20.041,16.977,1,0,0,0,0.0,174.436,128.889,159.35,18.355,11.059,1.0,0.0,0.0,0.0,0.0
00:07:03.411,1705491760178,161.255,129.055,149.128,129.364,281.215,20.608,17.384,1,0,0,0,0.0,171.862,129.173,229.515,20.677,14.14,1.0,0.0,0.0,0.0,0.0
00:07:03.427,1705491760194,160.294,129.835,149.128,129.364,281.215,20.608,17.384,1,0,0,0,0.0,173.382,128.745,207.066,20.113,13.115,1.0,0.0,0.0,0.0,0.0
00:07:03.444,1705491760211,160.562,129.203,149.008,129.359,275.134,20.093,17.443,1,0,0,0,0.0,171.459,130.307,249.703,20.084,15.838,1.0,0.0,0.0,0.0,0.0
00:07:03.461,1705491760228,160.341,129.267,148.962,128.728,268.324,19.996,17.094,1,0,0,0,0.0,172.117,129.046,240.092,20.298,15.068,1.0,0.0,0.0,0.0,0.0
00:07:03.477,1705491760244,161.131,128.621,148.962,128.728,268.324,19.996,17.094,1,0,0,0,0.0,171.72,129.806,245.779,20.558,15.23,1.0,0.0,0.0,0.0,0.0
00:07:03.494,1705491760261,160.386,129.4,148.703,128.943,275.348,20.327,17.256,1,0,0,0,0.0,173.3,128.515,192.62,19.862,12.354,1.0,0.0,0.0,0.0,0.0
00:07:03.511,1705491760278,160.821,128.962,148.774,129.284,278.75,20.383,17.421,1,0,0,0,0.0,172.069,129.858,265.54,21.939,15.419,1.0,0.0,0.0,0.0,0.0
00:07:03.527,1705491760294,160.106,129.629,148.774,129.284,278.75,20.383,17.421,1,0,0,0,0.0,172.867,128.639,206.432,19.713,13.34,1.0,0.0,0.0,0.0,0.0
00:07:03.544,1705491760311,160.026,129.354,148.699,128.767,270.572,20.156,17.1,1,0,0,0,0.0,171.438,129.973,255.888,20.467,15.927,1.0,0.0,0.0,0.0,0.0
00:07:03.561,1705491760328,160.322,129.645,148.828,128.548,270.561,20.183,17.077,1,0,0,0,0.0,171.354,129.942,252.524,20.183,15.938,1.0,0.0,0.0,0.0,0.0
00:07:03.577,1705491760344,160.607,128.964,148.828,128.548,270.561,20.183,17.077,1,0,0,0,0.0,171.816,130.742,262.093,20.961,15.929,1.0,0.0,0.0,0.0,0.0
00:07:03.594,1705491760361,160.558,129.799,149.075,128.84,285.446,20.76,17.515,1,0,0,0,0.0,172.386,129.381,240.727,20.644,14.854,1.0,0.0,0.0,0.0,0.0
00:07:03.611,1705491760378,160.803,129.561,149.234,129.433,279.844,20.754,17.177,1,0,0,0,0.0,172.04,130.758,255.253,20.017,16.244,1.0,0.0,0.0,0.0,0.0
00:07:03.627,1705491760394,160.682,130.043,149.234,129.433,279.844,20.754,17.177,1,0,0,0,0.0,172.373,129.688,245.073,20.169,15.479,1.0,0.0,0.0,0.0,0.0
00:07:03.644,1705491760411,160.548,129.289,148.991,128.744,276.904,20.352,17.332,1,0,0,0,0.0,172.129,130.653,250.512,20.217,15.785,1.0,0.0,0.0,0.0,0.0
00:07:03.661,1705491760428,160.766,129.689,149.208,129.042,270.25,20.128,17.104,1,0,0,0,0.0,172.106,129.834,250.547,19.919,16.023,1.0,0.0,0.0,0.0,0.0
00:07:03.677,1705491760444,160.856,129.422,149.208,129.042,270.25,20.128,17.104,1,0,0,0,0.0,172.324,130.337,254.025,21.149,15.301,1.0,0.0,0.0,0.0,0.0
00:07:03.694,1705491760461,160.719,130.116,149.303,129.482,274.049,20.059,17.404,1,0,0,0,0.0,172.504,129.802,241.982,19.685,15.659,1.0,0.0,0.0,0.0,0.0
00:07:03.711,1705491760478,160.765,129.573,149.18,129.319,277.033,20.276,17.405,1,0,0,0,0.0,172.134,130.749,249.774,20.046,15.873,1.0,0.0,0.0,0.0,0.0
00:07:03.727,1705491760494,160.664,130.006,149.18,129.319,277.033,20.276,17.405,1,0,0,0,0.0,172.349,129.827,248.378,20.176,15.682,1.0,0.0,0.0,0.0,0.0
00:07:03.744,1705491760511,160.731,129.419,149.322,128.891,266.823,19.789,17.177,1,0,0,0,0.0,172.149,130.693,255.699,20.115,16.193,1.0,0.0,0.0,0.0,0.0
00:07:03.761,1705491760528,160.816,129.792,149.37,128.838,268.729,19.872,17.227,1,0,0,0,0.0,172.139,129.947,252.354,20.122,15.976,1.0,0.0,0.0,0.0,0.0
00:07:03.777,1705491760544,160.856,129.356,149.37,128.838,268.729,19.872,17.227,1,0,0,0,0.0,172.262,130.745,257.15,20.548,15.942,1.0,0.0,0.0,0.0,0.0
00:07:03.794,1705491760561,160.728,129.76,149.397,129.188,287.267,20.754,17.633,1,0,0,0,0.0,172.341,129.874,253.084,20.09,16.048,1.0,0.0,0.0,0.0,0.0
00:07:03.811,1705491760578,161.046,129.599,149.479,129.275,281.587,20.281,17.687,1,0,0,0,0.0,172.059,130.333,258.302,20.944,15.711,1.0,0.0,0.0,0.0,0.0
00:07:03.827,1705491760594,160.792,130.156,149.479,129.275,281.587,20.281,17.687,1,0,0,0,0.0,172.613,129.923,260.363,20.388,16.268,1.0,0.0,0.0,0.0,0.0
00:07:03.844,1705491760611,160.841,129.46,149.303,128.893,279.622,20.535,17.346,1,0,0,0,0.0,172.104,131.037,269.099,19.827,17.289,1.0,0.0,0.0,0.0,0.0
00:07:03.861,1705491760628,160.8,129.574,149.26,128.792,283.398,20.543,17.573,1,0,0,0,0.0,172.38,130.028,266.465,20.655,16.434,1.0,0.0,0.0,0.0,0.0
00:07:03.877,1705491760644,160.792,129.311,149.26,128.792,283.398,20.543,17.573,1,0,0,0,0.0,172.34,130.355,269.595,21.29,16.131,1.0,0.0,0.0,0.0,0.0
00:07:03.894,1705491760661,160.984,129.724,149.485,129.209,293.382,21.239,17.597,1,0,0,0,0.0,172.323,129.83,263.984,20.244,16.612,1.0,0.0,0.0,0.0,0.0
00:07:03.911,1705491760678,160.879,129.868,149.483,129.402,295.224,21.24,17.707,1,0,0,0,0.0,172.483,130.238,267.328,21.477,15.857,1.0,0.0,0.0,0.0,0.0
00:07:03.927,1705491760694,160.892,129.76,149.483,129.402,295.224,21.24,17.707,1,0,0,0,0.0,172.276,130.333,268.118,20.492,16.668,1.0,0.0,0.0,0.0,0.0
00:07:03.944,1705491760711,161.532,129.522,149.415,128.698,286.215,20.486,17.798,1,0,0,0,0.0,172.301,130.119,281.2,22.939,15.616,1.0,0.0,0.0,0.0,0.0
00:07:03.961,1705491760728,165.413,129.101,149.446,129.348,297.379,21.227,17.846,1,0,0,0,0.0,173.649,130.346,270.153,19.092,18.026,1.0,0.0,0.0,0.0,0.0
00:07:03.977,1705491760744,174.68,128.883,152.048,127.604,273.991,19.416,17.977,1,0,0,0,0.0,181.38,128.854,248.333,18.072,17.505,0.0,616.0,1.0,0.0,0.0
00:07:03.994,1705491760761,181.547,127.213,158.915,125.933,240.499,19.929,15.373,0,633,1,0,0.0,0.0,0.0,0.0,0.0,0.0,0.0,0.0,0.0,17.0,3.615
00:07:04.011,1705491760778,182.476,129.421,165.485,123.445,269.485,23.656,14.512,0,0,1,0,0.0,0.0,0.0,0.0,0.0,0.0,0.0,0.0,0.0,0.0,0.0
00:07:04.027,1705491760794,0.0,0.0,0.0,0.0,0.0,0.0,0.0,0,0,0,33,6.858,0.0,0.0,0.0,0.0,0.0,0.0,0.0,0.0,0.0,0.0
00:07:04.044,1705491760811,0.0,0.0,0.0,0.0,0.0,0.0,0.0,0,0,0,0,0.0,0.0,0.0,0.0,0.0,0.0,0.0,0.0,0.0,0.0,0.0
00:07:04.061,1705491760828,0.0,0.0,0.0,0.0,0.0,0.0,0.0,0,0,0,0,0.0,0.0,0.0,0.0,0.0,0.0,0.0,0.0,0.0,0.0,0.0
00:07:04.077,1705491760844,0.0,0.0,0.0,0.0,0.0,0.0,0.0,0,0,0,0,0.0,0.0,0.0,0.0,0.0,0.0,0.0,0.0,0.0,0.0,0.0
00:07:04.094,1705491760861,0.0,0.0,0.0,0.0,0.0,0.0,0.0,0,0,0,0,0.0,0.0,0.0,0.0,0.0,0.0,0.0,0.0,0.0,0.0,0.0
00:07:04.111,1705491760878,193.72,120.029,0.0,0.0,0.0,0.0,0.0,0,0,0,0,0.0,210.711,126.004,133.878,16.323,10.448,0.0,0.0,0.0,0.0,0.0
00:07:04.127,1705491760894,193.72,120.029,0.0,0.0,0.0,0.0,0.0,0,0,0,0,0.0,210.711,126.004,133.878,16.323,10.448,0.0,0.0,0.0,0.0,0.0
00:07:04.144,1705491760911,199.982,119.245,190.966,115.324,409.541,25.186,20.714,0,0,0,0,0.0,208.997,123.166,257.531,20.802,15.771,1.0,0.0,0.0,0.0,0.0
00:07:04.161,1705491760928,200.494,118.482,192.894,114.044,410.588,26.698,19.591,1,0,0,0,0.0,208.094,122.92,225.915,20.245,14.215,1.0,0.0,0.0,0.0,0.0
00:07:04.177,1705491760944,200.653,118.763,193.211,114.605,417.193,24.928,21.32,1,0,0,0,0.0,208.094,122.92,225.915,20.245,14.215,1.0,0.0,0.0,0.0,0.0
00:07:04.194,1705491760961,201.0,119.196,193.115,114.635,410.313,25.964,20.131,1,0,0,0,0.0,208.885,123.758,235.682,19.734,15.214,1.0,0.0,0.0,0.0,0.0
00:07:04.211,1705491760978,200.723,117.549,193.088,114.655,409.613,24.295,21.478,1,0,0,0,0.0,208.358,120.442,256.981,22.618,14.474,1.0,0.0,0.0,0.0,0.0
00:07:04.227,1705491760994,200.819,119.287,193.45,114.77,399.12,25.24,20.144,1,0,0,0,0.0,208.188,123.804,218.315,18.915,14.703,1.0,0.0,0.0,0.0,0.0
00:07:04.244,1705491761011,200.599,119.555,193.009,114.389,409.556,25.242,20.669,1,0,0,0,0.0,208.19,124.721,211.612,19.143,14.082,1.0,0.0,0.0,0.0,0.0
00:07:04.261,1705491761028,200.633,119.504,193.074,115.154,420.685,25.644,20.898,1,0,0,0,0.0,208.192,123.853,224.987,20.2,14.188,1.0,0.0,0.0,0.0,0.0
00:07:04.277,1705491761044,200.785,119.097,193.378,114.342,376.508,24.373,19.679,1,0,0,0,0.0,208.192,123.853,224.987,20.2,14.188,1.0,0.0,0.0,0.0,0.0
00:07:04.294,1705491761061,200.639,119.277,193.016,114.889,400.997,25.758,19.832,1,0,0,0,0.0,208.263,123.666,231.809,18.893,15.63,1.0,0.0,0.0,0.0,0.0
00:07:04.311,1705491761078,200.663,119.777,193.349,114.399,373.893,24.304,19.598,1,0,0,0,0.0,207.978,125.155,190.678,19.361,12.546,1.0,0.0,0.0,0.0,0.0
00:07:04.327,1705491761094,200.387,120.08,192.796,115.004,423.569,26.453,20.398,1,0,0,0,0.0,207.978,125.155,190.678,19.361,12.546,1.0,0.0,0.0,0.0,0.0
00:07:04.344,1705491761111,199.38,119.14,192.223,115.197,407.45,24.152,21.49,1,0,0,0,0.0,0.0,0.0,0.0,0.0,0.0,0.0,0.0,0.0,0.0,0.0
00:07:04.361,1705491761128,199.442,118.998,192.347,114.913,379.493,25.23,19.161,1,0,0,0,0.0,206.537,123.083,234.751,21.399,13.975,1.0,0.0,0.0,0.0,0.0
00:07:04.377,1705491761144,197.889,119.871,189.447,116.131,305.58,23.292,16.713,1,0,0,0,0.0,206.537,123.083,234.751,21.399,13.975,1.0,0.0,0.0,0.0,0.0
00:07:04.394,1705491761161,197.91,119.811,189.179,116.638,324.347,23.485,17.593,1,0,0,0,0.0,206.332,123.61,225.217,19.887,14.426,1.0,0.0,0.0,0.0,0.0
00:07:04.411,1705491761178,198.267,120.045,189.894,117.107,269.733,21.756,15.794,1,0,0,0,0.0,206.64,122.983,256.429,19.977,16.352,1.0,0.0,0.0,0.0,0.0
00:07:04.427,1705491761194,196.272,121.171,186.213,118.65,155.923,17.903,11.095,1,0,0,0,0.0,206.64,122.983,256.429,19.977,16.352,1.0,0.0,0.0,0.0,0.0
00:07:04.444,1705491761211,197.825,119.658,189.384,116.323,288.202,22.576,16.263,1,0,0,0,0.0,206.331,123.693,235.11,19.436,15.409,1.0,0.0,0.0,0.0,0.0
00:07:04.461,1705491761228,197.912,119.525,189.559,116.056,336.32,24.117,17.764,1,0,0,0,0.0,206.266,122.994,244.363,21.477,14.494,1.0,0.0,0.0,0.0,0.0
00:07:04.477,1705491761244,198.057,119.602,189.933,116.525,282.975,22.344,16.133,1,0,0,0,0.0,206.266,122.994,244.363,21.477,14.494,1.0,0.0,0.0,0.0,0.0
00:07:04.494,1705491761261,198.005,120.031,189.784,116.352,330.182,23.043,18.253,1,0,0,0,0.0,206.181,122.679,242.823,21.2,14.591,1.0,0.0,0.0,0.0,0.0
00:07:04.511,1705491761278,198.058,120.272,189.889,116.835,268.848,22.33,15.338,1,0,0,0,0.0,206.226,123.709,228.939,18.758,15.547,1.0,0.0,0.0,0.0,0.0
00:07:04.527,1705491761294,198.09,119.632,189.664,116.184,329.113,23.738,17.661,1,0,0,0,0.0,206.226,123.709,228.939,18.758,15.547,1.0,0.0,0.0,0.0,0.0
00:07:04.544,1705491761311,197.55,119.467,189.159,115.916,285.307,22.267,16.322,1,0,0,0,0.0,206.515,123.08,245.789,19.621,15.958,1.0,0.0,0.0,0.0,0.0
00:07:04.561,1705491761328,197.693,119.483,189.444,115.947,332.866,22.381,18.946,1,0,0,0,0.0,205.942,123.019,229.216,20.467,14.267,1.0,0.0,0.0,0.0,0.0
00:07:04.577,1705491761344,198.095,119.707,189.678,115.927,307.013,22.706,17.224,1,0,0,0,0.0,205.942,123.019,229.216,20.467,14.267,1.0,0.0,0.0,0.0,0.0
00:07:04.594,1705491761361,198.023,119.565,189.555,116.183,340.949,22.946,18.928,1,0,0,0,0.0,206.512,123.486,229.015,20.324,14.354,1.0,0.0,0.0,0.0,0.0
00:07:04.611,1705491761378,197.918,119.392,189.344,115.836,304.532,23.122,16.778,1,0,0,0,0.0,206.491,122.947,250.731,19.911,16.041,1.0,0.0,0.0,0.0,0.0
00:07:04.627,1705491761394,197.958,119.56,189.721,116.63,305.61,22.946,16.966,1,0,0,0,0.0,206.491,122.947,250.731,19.911,16.041,1.0,0.0,0.0,0.0,0.0
00:07:04.644,1705491761411,198.053,119.406,189.338,115.677,292.531,22.961,16.23,1,0,0,0,0.0,206.194,122.491,232.728,20.338,14.577,1.0,0.0,0.0,0.0,0.0
00:07:04.661,1705491761428,198.553,119.438,190.338,115.74,339.576,23.157,18.68,1,0,0,0,0.0,206.769,123.136,228.963,21.087,13.832,1.0,0.0,0.0,0.0,0.0
00:07:04.677,1705491761444,198.875,119.628,190.596,115.505,327.173,22.454,18.561,1,0,0,0,0.0,206.769,123.136,228.963,21.087,13.832,1.0,0.0,0.0,0.0,0.0
00:07:04.694,1705491761461,199.311,119.688,191.216,116.062,349.597,22.556,19.744,1,0,0,0,0.0,207.153,123.751,228.898,19.801,14.726,1.0,0.0,0.0,0.0,0.0
00:07:04.711,1705491761478,199.107,119.31,190.807,115.306,325.084,23.371,17.72,1,0,0,0,0.0,207.406,123.314,241.131,19.583,15.685,1.0,0.0,0.0,0.0,0.0
00:07:04.727,1705491761494,199.16,119.326,191.406,115.598,332.03,22.773,18.573,1,0,0,0,0.0,207.406,123.314,241.131,19.583,15.685,1.0,0.0,0.0,0.0,0.0
00:07:04.744,1705491761511,199.006,119.076,191.163,115.411,331.255,22.542,18.72,1,0,0,0,0.0,206.913,123.055,229.952,21.341,13.726,1.0,0.0,0.0,0.0,0.0
00:07:04.761,1705491761528,199.129,119.07,191.408,115.399,347.907,22.591,19.618,1,0,0,0,0.0,206.85,122.741,227.824,20.5,14.157,1.0,0.0,0.0,0.0,0.0
00:07:04.777,1705491761544,199.263,119.547,191.259,115.297,326.487,22.779,18.258,1,0,0,0,0.0,206.85,122.741,227.824,20.5,14.157,1.0,0.0,0.0,0.0,0.0
00:07:04.794,1705491761561,199.128,119.184,191.156,115.615,342.052,23.376,18.64,1,0,0,0,0.0,207.268,123.798,222.92,19.881,14.284,1.0,0.0,0.0,0.0,0.0
00:07:04.811,1705491761578,198.684,118.296,190.89,115.16,320.121,22.891,17.814,1,0,0,0,0.0,207.1,122.752,233.187,20.376,14.578,1.0,0.0,0.0,0.0,0.0
00:07:04.827,1705491761594,198.368,115.949,190.464,113.934,344.845,23.063,19.048,1,0,0,0,0.0,206.479,121.433,226.371,21.47,13.431,1.0,0.0,0.0,0.0,0.0
00:07:04.844,1705491761611,198.2,115.545,190.009,112.786,357.51,22.235,20.483,1,0,0,0,0.0,206.273,117.965,273.526,22.295,15.629,1.0,0.0,0.0,0.0,0.0
00:07:04.861,1705491761628,198.331,115.843,190.271,113.38,374.574,22.271,21.426,1,0,0,0,0.0,206.391,118.305,275.262,21.533,16.285,1.0,0.0,0.0,0.0,0.0
00:07:04.877,1705491761644,198.045,116.031,189.813,113.167,334.045,21.677,19.631,1,0,0,0,0.0,206.391,118.305,275.262,21.533,16.285,1.0,0.0,0.0,0.0,0.0
00:07:04.894,1705491761661,198.087,115.804,189.869,113.492,352.129,22.127,20.272,1,0,0,0,0.0,206.276,118.895,278.297,21.522,16.472,1.0,0.0,0.0,0.0,0.0
00:07:04.911,1705491761678,198.651,115.842,190.07,113.059,363.375,21.613,21.418,1,0,0,0,0.0,206.305,118.116,279.578,21.869,16.286,1.0,0.0,0.0,0.0,0.0
00:07:04.927,1705491761694,197.898,115.924,189.771,113.743,349.626,22.008,20.238,1,0,0,0,0.0,207.232,118.624,275.109,22.728,15.42,1.0,0.0,0.0,0.0,0.0
00:07:04.944,1705491761711,198.288,116.037,189.076,113.336,321.926,21.949,18.684,1,0,0,0,0.0,206.025,118.106,276.326,21.741,16.191,1.0,0.0,0.0,0.0,0.0
00:07:04.961,1705491761728,198.184,115.657,190.117,113.524,357.69,22.271,20.46,1,0,0,0,0.0,207.5,118.738,277.252,23.401,15.093,1.0,0.0,0.0,0.0,0.0
00:07:04.977,1705491761744,198.403,115.675,189.928,112.828,360.073,21.784,21.057,1,0,0,0,0.0,206.251,117.79,274.548,21.914,15.959,1.0,0.0,0.0,0.0,0.0
00:07:04.994,1705491761761,197.949,115.773,189.734,113.72,350.807,22.173,20.155,1,0,0,0,0.0,206.878,118.522,271.119,22.758,15.176,1.0,0.0,0.0,0.0,0.0
00:07:05.011,1705491761778,198.35,116.216,189.809,113.16,345.723,22.182,19.854,1,0,0,0,0.0,206.165,117.826,255.199,21.995,14.781,1.0,0.0,0.0,0.0,0.0
00:07:05.027,1705491761794,198.489,115.694,190.425,112.735,342.541,22.986,18.984,1,0,0,0,0.0,206.891,119.271,265.742,21.661,15.628,1.0,0.0,0.0,0.0,0.0
00:07:05.044,1705491761811,198.455,116.131,189.868,112.693,347.966,22.198,19.969,1,0,0,0,0.0,206.554,118.652,287.247,21.409,17.092,1.0,0.0,0.0,0.0,0.0
00:07:05.061,1705491761828,198.592,115.488,190.185,113.113,359.365,22.093,20.721,1,0,0,0,0.0,207.043,119.57,274.958,20.824,16.821,1.0,0.0,0.0,0.0,0.0
00:07:05.077,1705491761844,198.25,115.784,189.7,112.542,340.181,21.707,19.964,1,0,0,0,0.0,206.999,117.863,287.877,23.025,15.927,1.0,0.0,0.0,0.0,0.0
00:07:05.094,1705491761861,198.306,115.61,190.389,113.079,360.313,22.145,20.727,1,0,0,0,0.0,206.801,119.026,265.88,22.075,15.343,1.0,0.0,0.0,0.0,0.0
00:07:05.111,1705491761878,198.447,115.679,190.152,112.152,353.011,23.233,19.356,1,0,0,0,0.0,206.224,118.142,260.905,22.157,15.0,1.0,0.0,0.0,0.0,0.0
00:07:05.127,1705491761894,198.188,115.064,190.019,112.532,333.85,22.126,19.221,1,0,0,0,0.0,206.742,119.207,265.814,21.496,15.753,1.0,0.0,0.0,0.0,0.0
00:07:05.144,1705491761911,198.508,116.144,190.113,112.974,336.507,21.917,19.559,1,0,0,0,0.0,206.356,117.597,260.159,22.509,14.724,1.0,0.0,0.0,0.0,0.0
00:07:05.161,1705491761928,198.196,115.53,189.86,113.278,330.576,21.196,19.868,1,0,0,0,0.0,206.904,119.313,276.035,21.192,16.593,1.0,0.0,0.0,0.0,0.0
00:07:05.177,1705491761944,198.697,115.466,190.316,111.847,334.099,22.234,19.142,1,0,0,0,0.0,206.531,117.782,268.794,21.957,15.595,1.0,0.0,0.0,0.0,0.0
00:07:05.194,1705491761961,198.872,115.043,191.134,112.268,328.875,21.599,19.397,1,0,0,0,0.0,207.078,119.086,257.02,22.189,14.756,1.0,0.0,0.0,0.0,0.0
00:07:05.211,1705491761978,198.593,115.754,190.043,112.314,345.713,21.577,20.411,1,0,0,0,0.0,206.609,117.818,268.471,21.77,15.71,1.0,0.0,0.0,0.0,0.0
00:07:05.227,1705491761994,198.479,115.523,190.028,112.918,350.297,21.984,20.298,1,0,0,0,0.0,207.143,119.194,285.525,21.191,17.164,1.0,0.0,0.0,0.0,0.0
00:07:05.244,1705491762011,198.571,115.16,190.18,112.271,362.025,21.687,21.265,1,0,0,0,0.0,206.929,118.128,275.691,21.372,16.433,1.0,0.0,0.0,0.0,0.0
00:07:05.261,1705491762028,198.733,115.131,190.064,112.737,362.161,22.179,20.801,1,0,0,0,0.0,206.962,118.05,265.071,21.597,15.635,1.0,0.0,0.0,0.0,0.0
00:07:05.277,1705491762044,206.146,119.441,189.155,113.465,310.935,23.631,16.762,1,0,0,0,0.0,207.402,117.525,250.211,21.933,14.533,1.0,0.0,0.0,0.0,0.0
00:07:05.294,1705491762061,0.0,0.0,0.0,0.0,0.0,0.0,0.0,0,1133,0,0,0.0,0.0,0.0,0.0,0.0,0.0,0.0,1150.0,0.0,0.0,0.0
00:07:05.311,1705491762078,0.0,0.0,0.0,0.0,0.0,0.0,0.0,0,0,0,0,0.0,0.0,0.0,0.0,0.0,0.0,0.0,0.0,0.0,0.0,0.0
00:07:05.327,1705491762094,0.0,0.0,0.0,0.0,0.0,0.0,0.0,0,0,0,0,0.0,0.0,0.0,0.0,0.0,0.0,0.0,0.0,0.0,0.0,0.0
00:07:05.344,1705491762111,0.0,0.0,0.0,0.0,0.0,0.0,0.0,0,0,0,0,0.0,0.0,0.0,0.0,0.0,0.0,0.0,0.0,0.0,0.0,0.0
00:07:05.361,1705491762128,0.0,0.0,0.0,0.0,0.0,0.0,0.0,0,0,0,0,0.0,0.0,0.0,0.0,0.0,0.0,0.0,0.0,0.0,0.0,0.0
00:07:05.377,1705491762144,0.0,0.0,0.0,0.0,0.0,0.0,0.0,0,0,0,0,0.0,0.0,0.0,0.0,0.0,0.0,0.0,0.0,0.0,0.0,0.0
00:07:05.394,1705491762161,190.625,117.762,0.0,0.0,0.0,0.0,0.0,0,0,0,0,0.0,207.616,123.737,211.192,20.859,12.898,0.0,0.0,0.0,0.0,0.0
00:07:05.411,1705491762178,0.0,0.0,0.0,0.0,0.0,0.0,0.0,0,0,0,0,0.0,0.0,0.0,0.0,0.0,0.0,0.0,0.0,0.0,0.0,0.0
00:07:05.427,1705491762194,198.551,119.489,189.829,115.876,393.999,25.331,19.814,0,0,0,0,0.0,207.273,123.101,215.809,19.903,13.813,0.0,0.0,0.0,0.0,0.0
00:07:05.444,1705491762211,199.34,117.98,191.147,114.566,352.449,22.594,19.872,1,0,0,0,0.0,207.532,121.394,227.76,20.69,14.023,1.0,0.0,0.0,0.0,0.0
00:07:05.461,1705491762228,199.366,118.424,191.418,115.417,368.442,22.78,20.604,1,0,0,0,0.0,207.314,121.43,246.246,21.075,14.884,1.0,0.0,0.0,0.0,0.0
00:07:05.477,1705491762244,199.236,117.433,191.186,114.844,333.46,22.992,18.476,1,0,0,0,0.0,207.286,120.023,245.523,22.25,14.057,1.0,0.0,0.0,0.0,0.0
00:07:05.494,1705491762261,199.307,118.027,191.176,115.43,356.47,23.045,19.705,1,0,0,0,0.0,207.438,120.624,254.84,22.133,14.667,1.0,0.0,0.0,0.0,0.0
00:07:05.511,1705491762278,199.188,117.777,190.677,115.078,363.072,22.856,20.236,1,0,0,0,0.0,207.699,120.475,258.984,21.813,15.124,1.0,0.0,0.0,0.0,0.0
00:07:05.527,1705491762294,198.902,118.291,190.845,115.75,353.208,23.018,19.548,1,0,0,0,0.0,206.958,120.833,260.524,22.315,14.872,1.0,0.0,0.0,0.0,0.0
00:07:05.544,1705491762311,199.202,118.075,191.021,115.66,340.791,22.608,19.202,1,0,0,0,0.0,207.382,120.49,256.812,21.159,15.462,1.0,0.0,0.0,0.0,0.0
00:07:05.561,1705491762328,199.537,117.917,191.838,114.841,351.504,23.676,18.913,1,0,0,0,0.0,207.236,120.992,273.806,21.703,16.071,1.0,0.0,0.0,0.0,0.0
00:07:05.577,1705491762344,199.108,118.198,191.084,115.893,331.288,22.778,18.527,1,0,0,0,0.0,207.131,120.504,270.02,21.779,15.794,1.0,0.0,0.0,0.0,0.0
00:07:05.594,1705491762361,199.48,120.271,191.176,115.859,348.25,23.048,19.248,1,0,0,0,0.0,207.784,124.682,221.023,20.335,13.846,1.0,0.0,0.0,0.0,0.0
00:07:05.611,1705491762378,199.042,118.422,190.906,116.215,324.634,22.661,18.25,1,0,0,0,0.0,207.178,120.629,267.073,21.225,16.029,0.0,167.0,1.0,0.0,0.0
00:07:05.627,1705491762394,201.889,121.876,194.487,117.316,363.941,26.283,17.64,1,0,0,0,0.0,209.29,126.435,207.908,20.562,12.881,0.0,0.0,1.0,0.0,0.0
00:07:05.644,1705491762411,202.545,124.444,195.365,120.902,325.721,25.758,16.109,1,0,0,0,0.0,209.725,127.985,271.987,21.063,16.45,1.0,0.0,0.0,33.0,2.251
00:07:05.661,1705491762428,200.398,128.268,194.457,124.857,364.105,23.324,19.887,0,217,1,0,0.0,206.338,131.68,213.347,20.219,13.442,0.0,17.0,1.0,0.0,0.0
00:07:05.677,1705491762444,201.391,128.314,193.87,125.127,371.563,22.788,20.771,1,0,0,16,3.715,208.912,131.5,273.706,20.075,17.369,1.0,0.0,0.0,16.0,2.005
00:07:05.694,1705491762461,234.401,137.199,193.944,125.847,383.461,23.756,20.563,1,0,0,0,0.0,274.858,148.55,227.272,19.928,14.528,0.0,17.0,1.0,0.0,0.0
00:07:05.711,1705491762478,201.359,127.819,193.855,125.032,376.914,23.045,20.835,1,0,0,0,0.0,208.864,130.606,292.341,19.674,18.929,0.0,0.0,1.0,0.0,0.0
00:07:05.727,1705491762494,201.459,128.327,194.594,125.574,348.872,22.485,19.765,1,0,0,0,0.0,0.0,0.0,0.0,0.0,0.0,0.0,0.0,0.0,33.0,0.358
00:07:05.744,1705491762511,210.855,131.129,193.864,125.153,382.908,23.622,20.65,1,0,0,0,0.0,208.323,131.08,269.069,20.509,16.713,0.0,0.0,0.0,0.0,0.0
00:07:05.761,1705491762528,200.573,128.197,193.655,125.615,358.716,22.921,19.936,1,0,0,0,0.0,0.0,0.0,0.0,0.0,0.0,0.0,0.0,0.0,0.0,0.0
00:07:05.777,1705491762544,210.912,130.899,193.921,124.924,373.435,23.111,20.584,1,0,0,0,0.0,207.49,130.78,245.832,20.375,15.37,0.0,0.0,0.0,0.0,0.0
00:07:05.794,1705491762561,200.836,127.904,193.917,125.143,369.464,23.717,19.845,1,0,0,0,0.0,0.0,0.0,0.0,0.0,0.0,0.0,0.0,0.0,0.0,0.0
00:07:05.811,1705491762578,211.156,130.969,194.165,124.994,374.295,22.907,20.815,1,0,0,0,0.0,207.755,130.666,254.38,20.204,16.039,0.0,0.0,0.0,0.0,0.0
00:07:05.827,1705491762594,199.443,128.575,193.375,125.728,349.059,22.863,19.449,1,0,0,0,0.0,0.0,0.0,0.0,0.0,0.0,0.0,0.0,0.0,0.0,0.0
00:07:05.844,1705491762611,209.343,131.214,192.352,125.239,343.29,22.303,19.608,1,0,0,0,0.0,205.511,131.423,243.543,20.57,15.082,0.0,0.0,0.0,0.0,0.0
00:07:05.861,1705491762628,198.761,128.306,192.032,125.765,330.908,21.835,19.306,1,0,0,0,0.0,0.0,0.0,0.0,0.0,0.0,0.0,0.0,0.0,0.0,0.0
00:07:05.877,1705491762644,209.557,131.225,192.566,125.25,334.253,21.645,19.672,1,0,0,0,0.0,205.491,130.848,244.561,20.205,15.419,0.0,0.0,0.0,0.0,0.0
00:07:05.894,1705491762661,233.645,136.243,192.083,125.805,323.673,21.441,19.23,1,0,0,0,0.0,0.0,0.0,0.0,0.0,0.0,0.0,0.0,0.0,0.0,0.0
00:07:05.911,1705491762678,209.402,131.251,192.411,125.275,331.882,21.737,19.45,1,0,0,0,0.0,275.206,146.682,209.462,19.5,13.684,0.0,0.0,0.0,0.0,0.0
00:07:05.927,1705491762694,234.084,136.746,192.61,125.726,326.954,21.835,19.075,1,0,0,0,0.0,0.0,0.0,0.0,0.0,0.0,0.0,0.0,0.0,0.0,0.0
00:07:05.944,1705491762711,209.772,130.831,192.781,124.856,320.75,22.111,18.48,1,0,0,0,0.0,275.557,147.766,250.451,22.25,14.339,0.0,0.0,0.0,0.0,0.0
00:07:05.961,1705491762728,209.28,131.532,192.289,125.557,314.292,20.523,19.508,1,0,0,0,0.0,0.0,0.0,0.0,0.0,0.0,0.0,0.0,0.0,0.0,0.0
00:07:05.977,1705491762744,207.629,131.393,190.638,125.417,319.656,22.184,18.356,1,0,0,0,0.0,0.0,0.0,0.0,0.0,0.0,0.0,0.0,0.0,0.0,0.0
00:07:05.994,1705491762761,207.351,132.043,190.36,126.068,323.424,22.547,18.273,1,0,0,0,0.0,0.0,0.0,0.0,0.0,0.0,0.0,0.0,0.0,0.0,0.0
00:07:06.011,1705491762778,207.334,131.327,190.343,125.352,310.616,22.05,17.945,1,0,0,0,0.0,0.0,0.0,0.0,0.0,0.0,0.0,0.0,0.0,0.0,0.0
00:07:06.027,1705491762794,207.329,132.16,190.337,126.184,322.123,22.227,18.461,1,0,0,0,0.0,0.0,0.0,0.0,0.0,0.0,0.0,0.0,0.0,0.0,0.0
00:07:06.044,1705491762811,207.555,131.617,190.564,125.641,322.807,22.343,18.405,1,0,0,0,0.0,0.0,0.0,0.0,0.0,0.0,0.0,0.0,0.0,0.0,0.0
00:07:06.061,1705491762828,207.679,132.314,190.688,126.338,333.148,22.673,18.718,1,0,0,0,0.0,0.0,0.0,0.0,0.0,0.0,0.0,0.0,0.0,0.0,0.0
00:07:06.077,1705491762844,207.557,131.8,190.566,125.824,328.785,21.953,19.078,1,0,0,0,0.0,0.0,0.0,0.0,0.0,0.0,0.0,0.0,0.0,0.0,0.0
00:07:06.094,1705491762861,206.928,132.023,189.937,126.048,322.696,22.934,17.924,1,0,0,0,0.0,0.0,0.0,0.0,0.0,0.0,0.0,0.0,0.0,0.0,0.0
00:07:06.111,1705491762878,206.917,131.28,189.926,125.304,303.271,22.066,17.508,1,0,0,0,0.0,0.0,0.0,0.0,0.0,0.0,0.0,0.0,0.0,0.0,0.0
00:07:06.127,1705491762894,206.783,132.188,189.792,126.213,314.551,22.008,18.207,1,0,0,0,0.0,0.0,0.0,0.0,0.0,0.0,0.0,0.0,0.0,0.0,0.0
00:07:06.144,1705491762911,206.761,131.637,189.77,125.661,316.55,22.684,17.777,1,0,0,0,0.0,0.0,0.0,0.0,0.0,0.0,0.0,0.0,0.0,0.0,0.0
00:07:06.161,1705491762928,206.907,131.888,189.916,125.912,320.666,23.284,17.544,1,0,0,0,0.0,0.0,0.0,0.0,0.0,0.0,0.0,0.0,0.0,0.0,0.0
00:07:06.177,1705491762944,232.357,135.51,189.43,125.89,311.3,21.76,18.224,1,0,0,0,0.0,0.0,0.0,0.0,0.0,0.0,0.0,0.0,0.0,0.0,0.0
00:07:06.194,1705491762961,206.523,132.168,189.532,126.192,311.037,22.364,17.717,1,0,0,0,0.0,275.285,145.131,255.754,19.215,16.956,0.0,0.0,0.0,0.0,0.0
00:07:06.211,1705491762978,232.168,136.007,189.604,125.986,328.268,22.741,18.389,1,0,0,0,0.0,0.0,0.0,0.0,0.0,0.0,0.0,0.0,0.0,0.0,0.0
00:07:06.227,1705491762994,206.379,132.586,189.388,126.611,317.817,21.513,18.82,1,0,0,0,0.0,274.731,146.028,217.081,19.67,14.059,0.0,0.0,0.0,0.0,0.0
00:07:06.244,1705491763011,232.391,136.411,189.531,126.141,328.31,22.384,18.684,1,0,0,0,0.0,0.0,0.0,0.0,0.0,0.0,0.0,0.0,0.0,0.0,0.0
00:07:06.261,1705491763028,206.517,132.643,189.526,126.667,335.852,22.724,18.827,1,0,0,0,0.0,275.25,146.68,211.383,20.391,13.205,0.0,0.0,0.0,0.0,0.0
00:07:06.277,1705491763044,232.088,135.792,189.404,125.819,325.118,21.994,18.831,1,0,0,0,0.0,0.0,0.0,0.0,0.0,0.0,0.0,0.0,0.0,0.0,0.0
00:07:06.294,1705491763061,206.564,132.488,189.573,126.513,339.008,23.354,18.492,1,0,0,0,0.0,274.772,145.764,204.549,20.001,13.028,0.0,0.0,0.0,0.0,0.0
00:07:06.311,1705491763078,232.132,135.804,189.571,125.736,315.226,22.521,17.831,1,0,0,0,0.0,0.0,0.0,0.0,0.0,0.0,0.0,0.0,0.0,0.0,0.0
00:07:06.327,1705491763094,206.409,132.751,189.418,126.776,339.355,23.096,18.717,1,0,0,0,0.0,274.693,145.871,203.639,19.159,13.54,0.0,0.0,0.0,0.0,0.0
00:07:06.344,1705491763111,232.017,136.008,189.25,125.868,316.692,21.414,18.84,1,0,0,0,0.0,0.0,0.0,0.0,0.0,0.0,0.0,0.0,0.0,0.0,0.0
00:07:06.361,1705491763128,231.66,135.682,189.109,126.135,302.489,22.251,17.318,1,0,0,0,0.0,274.785,146.149,225.789,20.766,13.851,0.0,0.0,0.0,0.0,0.0
00:07:06.377,1705491763144,231.923,135.824,189.574,125.79,319.569,22.721,17.917,1,0,0,0,0.0,274.211,145.23,270.458,20.695,16.648,1.0,0.0,0.0,0.0,0.0
00:07:06.394,1705491763161,198.317,128.207,189.542,126.132,319.347,22.592,18.007,1,0,0,0,0.0,274.272,145.857,225.679,19.815,14.509,1.0,0.0,0.0,0.0,0.0
00:07:06.411,1705491763178,198.816,125.555,190.319,124.002,303.233,22.606,17.088,1,0,0,0,0.0,207.093,130.283,284.516,20.339,17.82,0.0,34.0,1.0,0.0,0.0
00:07:06.427,1705491763194,0.0,0.0,0.0,0.0,0.0,0.0,0.0,0,750,0,0,0.0,207.314,127.109,237.811,21.735,13.938,1.0,0.0,0.0,16.0,27.545
00:07:06.444,1705491763211,199.031,117.763,191.802,114.764,410.902,24.145,21.679,0,0,0,0,0.0,206.259,120.762,264.032,20.866,16.119,0.0,17.0,1.0,0.0,0.0
00:07:06.461,1705491763228,199.534,116.921,192.439,113.894,403.611,23.733,21.664,1,0,0,0,0.0,206.628,119.948,285.276,22.427,16.204,1.0,0.0,0.0,17.0,2.574
00:07:06.477,1705491763244,199.633,116.388,192.441,113.702,377.658,23.249,20.693,1,0,0,0,0.0,206.826,119.073,270.548,22.447,15.354,1.0,0.0,0.0,0.0,0.0
00:07:06.494,1705491763261,199.562,117.292,192.263,114.661,392.745,23.315,21.459,1,0,0,0,0.0,206.861,119.924,270.692,22.556,15.288,1.0,0.0,0.0,0.0,0.0
00:07:06.511,1705491763278,199.561,116.505,192.279,113.776,366.145,23.315,20.005,1,0,0,0,0.0,206.843,119.235,261.805,22.603,14.755,1.0,0.0,0.0,0.0,0.0
00:07:06.527,1705491763294,199.253,117.309,191.885,114.476,395.915,23.872,21.128,1,0,0,0,0.0,206.622,120.143,268.207,21.79,15.68,1.0,0.0,0.0,0.0,0.0
00:07:06.544,1705491763311,199.766,116.671,192.182,113.989,367.757,23.264,20.137,1,0,0,0,0.0,207.349,119.353,281.283,22.932,15.625,1.0,0.0,0.0,0.0,0.0
00:07:06.561,1705491763328,199.329,117.256,192.341,114.486,364.999,22.733,20.453,1,0,0,0,0.0,206.317,120.025,285.689,23.406,15.549,1.0,0.0,0.0,0.0,0.0
00:07:06.577,1705491763344,199.177,116.762,191.946,114.362,347.905,22.254,19.915,1,0,0,0,0.0,206.408,119.162,255.796,23.204,14.043,1.0,0.0,0.0,0.0,0.0
00:07:06.594,1705491763361,199.395,117.092,191.908,114.591,356.36,23.303,19.481,1,0,0,0,0.0,206.882,119.592,255.021,22.685,14.321,1.0,0.0,0.0,0.0,0.0
00:07:06.611,1705491763378,199.581,116.89,192.033,113.813,357.795,23.428,19.455,1,0,0,0,0.0,207.128,119.966,263.6,21.561,15.574,1.0,0.0,0.0,0.0,0.0
00:07:06.627,1705491763394,199.189,117.145,191.948,114.612,377.384,22.979,20.921,1,0,0,0,0.0,206.43,119.678,260.287,22.731,14.587,1.0,0.0,0.0,0.0,0.0
00:07:06.644,1705491763411,233.666,129.033,192.01,114.291,337.714,22.417,19.191,1,0,0,0,0.0,275.323,143.775,293.018,22.883,16.312,0.0,183.0,1.0,0.0,0.0
00:07:06.661,1705491763428,199.366,116.962,192.269,114.111,371.69,22.916,20.662,1,0,0,0,0.0,206.463,119.812,260.851,22.688,14.647,0.0,0.0,1.0,0.0,0.0
00:07:06.677,1705491763444,232.92,128.302,191.947,114.191,346.9,23.403,18.883,1,0,0,0,0.0,273.892,142.414,246.454,19.904,15.774,0.0,0.0,1.0,0.0,0.0
00:07:06.694,1705491763461,199.486,117.221,192.204,114.033,356.395,23.003,19.737,1,0,0,0,0.0,206.767,120.409,250.93,21.728,14.712,0.0,0.0,1.0,0.0,0.0
00:07:06.711,1705491763478,199.828,117.844,192.341,113.833,328.959,22.198,18.878,1,0,0,0,0.0,207.316,121.856,228.636,21.381,13.622,1.0,0.0,0.0,67.0,0.306
00:07:06.727,1705491763494,199.508,118.048,191.708,113.852,400.179,23.79,21.429,1,0,0,0,0.0,207.308,122.244,207.761,20.94,12.639,1.0,0.0,0.0,0.0,0.0
00:07:06.744,1705491763511,190.714,110.925,0.0,0.0,0.0,0.0,0.0,0,283,0,0,0.0,207.705,116.9,248.834,22.13,14.324,0.0,33.0,1.0,0.0,0.0
00:07:06.761,1705491763528,190.362,111.885,0.0,0.0,0.0,0.0,0.0,0,0,0,0,0.0,207.353,117.86,264.082,21.129,15.921,1.0,0.0,0.0,17.0,2.066
00:07:06.777,1705491763544,190.534,111.175,0.0,0.0,0.0,0.0,0.0,0,0,0,0,0.0,207.526,117.151,267.548,21.091,16.16,1.0,0.0,0.0,0.0,0.0
00:07:06.794,1705491763561,200.041,114.072,192.398,110.667,430.257,25.136,21.806,0,0,0,0,0.0,207.683,117.477,281.264,21.209,16.894,1.0,0.0,0.0,0.0,0.0
00:07:06.811,1705491763578,200.116,113.187,192.705,109.588,400.414,24.11,21.156,1,0,0,0,0.0,207.527,116.787,269.078,20.563,16.669,1.0,0.0,0.0,0.0,0.0
00:07:06.827,1705491763594,190.609,111.416,0.0,0.0,0.0,0.0,0.0,0,16,0,0,0.0,207.6,117.391,276.099,21.548,16.322,1.0,0.0,0.0,0.0,0.0
00:07:06.844,1705491763611,221.412,102.642,192.824,109.283,394.077,23.925,20.983,0,0,0,0,0.0,250.0,96.0,25.944,6.532,5.06,0.0,83.0,1.0,0.0,0.0
00:07:06.861,1705491763628,200.046,113.964,192.288,110.597,417.088,24.063,22.08,1,0,0,0,0.0,207.803,117.33,270.365,21.351,16.131,0.0,0.0,1.0,0.0,0.0
00:07:06.877,1705491763644,190.81,109.497,0.0,0.0,0.0,0.0,0.0,0,16,0,0,0.0,207.801,115.472,276.498,24.12,14.603,1.0,0.0,0.0,33.0,0.106
00:07:06.894,1705491763661,199.997,113.916,192.312,110.412,409.508,23.849,21.874,0,0,0,0,0.0,207.682,117.42,289.341,21.785,16.92,1.0,0.0,0.0,0.0,0.0
00:07:06.911,1705491763678,200.49,112.655,192.609,109.599,398.151,23.897,21.224,1,0,0,0,0.0,0.0,0.0,0.0,0.0,0.0,0.0,34.0,0.0,0.0,0.0
00:07:06.927,1705491763694,200.024,113.657,192.253,110.414,416.635,24.606,21.57,1,0,0,0,0.0,208.371,115.71,251.428,22.071,14.512,0.0,0.0,0.0,0.0,0.0
00:07:06.944,1705491763711,199.328,112.734,192.025,109.818,408.533,23.838,21.832,1,0,0,0,0.0,207.794,116.899,284.293,21.285,17.014,1.0,0.0,0.0,0.0,0.0
00:07:06.961,1705491763728,198.297,113.556,190.436,110.564,384.163,22.746,21.515,1,0,0,0,0.0,206.631,115.649,254.337,22.182,14.606,1.0,0.0,0.0,0.0,0.0
00:07:06.977,1705491763744,198.281,112.651,190.43,109.765,386.923,23.296,21.158,1,0,0,0,0.0,206.159,116.548,298.218,23.042,16.487,1.0,0.0,0.0,0.0,0.0
00:07:06.994,1705491763761,197.983,113.532,190.216,110.32,377.648,22.553,21.331,1,0,0,0,0.0,206.133,115.537,258.877,21.901,15.058,1.0,0.0,0.0,0.0,0.0
00:07:07.011,1705491763778,198.484,112.347,190.378,109.504,380.008,22.914,21.127,1,0,0,0,0.0,205.75,116.743,291.685,21.892,16.973,1.0,0.0,0.0,0.0,0.0
00:07:07.027,1705491763794,202.943,101.585,190.386,110.169,383.675,23.007,21.244,1,0,0,0,0.0,206.589,115.189,242.114,21.994,14.023,1.0,0.0,0.0,0.0,0.0
00:07:07.044,1705491763811,198.457,113.283,190.486,109.622,392.256,23.119,21.614,1,0,0,0,0.0,215.5,93.0,31.639,7.55,5.339,0.0,100.0,1.0,0.0,0.0
00:07:07.061,1705491763828,198.064,113.126,190.558,109.736,375.728,22.949,20.856,1,0,0,0,0.0,206.428,116.944,305.314,22.926,16.965,0.0,0.0,1.0,0.0,0.0
00:07:07.077,1705491763844,198.319,113.043,190.473,109.258,389.03,23.121,21.435,1,0,0,0,0.0,205.57,116.516,282.234,21.549,16.684,1.0,0.0,0.0,33.0,0.342
00:07:07.094,1705491763861,198.249,113.248,190.368,109.964,381.14,22.943,21.162,1,0,0,0,0.0,206.166,116.829,294.793,22.148,16.956,1.0,0.0,0.0,0.0,0.0
00:07:07.111,1705491763878,198.322,113.054,190.418,109.233,395.569,23.458,21.481,1,0,0,0,0.0,206.13,116.532,278.078,21.426,16.533,1.0,0.0,0.0,0.0,0.0
00:07:07.127,1705491763894,198.26,112.979,190.385,109.779,383.704,23.094,21.165,1,0,0,0,0.0,206.226,116.875,294.605,22.131,16.958,1.0,0.0,0.0,0.0,0.0
00:07:07.144,1705491763911,198.552,112.905,190.623,109.006,386.595,23.356,21.086,1,0,0,0,0.0,206.134,116.179,298.742,22.658,16.796,1.0,0.0,0.0,0.0,0.0
00:07:07.161,1705491763928,199.123,112.399,191.128,109.535,402.168,23.734,21.586,1,0,0,0,0.0,206.481,116.803,283.713,21.232,17.022,1.0,0.0,0.0,0.0,0.0
00:07:07.177,1705491763944,199.305,113.009,191.11,109.172,404.397,23.859,21.592,1,0,0,0,0.0,207.118,115.263,308.447,24.719,15.895,1.0,0.0,0.0,0.0,0.0
00:07:07.194,1705491763961,198.854,113.004,191.007,109.706,392.276,23.73,21.058,1,0,0,0,0.0,207.501,116.845,272.022,19.941,17.377,1.0,0.0,0.0,0.0,0.0
00:07:07.211,1705491763978,199.016,112.566,191.101,109.448,423.385,24.435,22.072,1,0,0,0,0.0,206.7,116.302,276.419,21.026,16.747,1.0,0.0,0.0,0.0,0.0
00:07:07.227,1705491763994,199.272,112.167,191.073,109.521,396.032,23.595,21.382,1,0,0,0,0.0,206.931,115.685,272.828,21.883,15.882,1.0,0.0,0.0,0.0,0.0
00:07:07.244,1705491764011,198.713,112.19,190.827,109.12,410.822,24.131,21.688,1,0,0,0,0.0,207.472,114.814,273.001,23.637,14.713,1.0,0.0,0.0,0.0,0.0
00:07:07.261,1705491764028,198.941,112.638,191.157,109.337,401.532,23.822,21.472,1,0,0,0,0.0,206.6,115.26,265.729,22.148,15.284,1.0,0.0,0.0,0.0,0.0
00:07:07.277,1705491764044,198.944,112.033,190.948,108.818,416.637,24.365,21.783,1,0,0,0,0.0,206.725,115.94,293.222,21.27,17.562,1.0,0.0,0.0,0.0,0.0
00:07:07.294,1705491764061,199.288,112.007,191.132,109.223,405.728,23.84,21.68,1,0,0,0,0.0,206.941,115.247,274.324,22.168,15.764,1.0,0.0,0.0,0.0,0.0
00:07:07.311,1705491764078,198.935,111.958,190.715,108.789,430.262,25.24,21.716,1,0,0,0,0.0,207.445,114.791,273.338,23.26,14.97,1.0,0.0,0.0,0.0,0.0
00:07:07.327,1705491764094,199.257,111.89,191.065,109.043,409.268,23.957,21.762,1,0,0,0,0.0,207.154,115.128,266.043,22.327,15.179,1.0,0.0,0.0,0.0,0.0
00:07:07.344,1705491764111,0.0,0.0,0.0,0.0,0.0,0.0,0.0,0,433,0,0,0.0,207.449,114.737,275.661,23.919,14.681,1.0,0.0,0.0,0.0,0.0
00:07:07.361,1705491764128,199.069,112.035,190.937,109.168,420.719,24.854,21.563,0,0,0,0,0.0,207.201,114.902,275.698,23.418,14.997,1.0,0.0,0.0,0.0,0.0
00:07:07.377,1705491764144,199.011,111.96,190.929,108.789,437.08,25.391,21.928,1,0,0,0,0.0,207.092,115.131,284.835,22.727,15.966,1.0,0.0,0.0,0.0,0.0
00:07:07.394,1705491764161,199.362,111.934,191.192,108.929,414.983,24.364,21.698,1,0,0,0,0.0,207.531,114.939,288.407,24.056,15.273,1.0,0.0,0.0,0.0,0.0
00:07:07.411,1705491764178,198.874,112.046,191.002,108.697,433.929,24.939,22.165,1,0,0,0,0.0,206.745,115.395,297.338,22.492,16.841,1.0,0.0,0.0,0.0,0.0
00:07:07.427,1705491764194,198.829,112.055,190.687,109.118,422.792,25.277,21.307,1,0,0,0,0.0,206.971,114.993,278.652,23.725,14.962,1.0,0.0,0.0,0.0,0.0
00:07:07.444,1705491764211,189.896,108.775,0.0,0.0,0.0,0.0,0.0,0,67,0,0,0.0,206.887,114.751,282.617,23.173,15.536,1.0,0.0,0.0,0.0,0.0
00:07:07.461,1705491764228,198.752,112.551,191.136,108.877,419.073,23.905,22.332,0,0,0,0,0.0,206.368,116.225,297.751,21.554,17.598,1.0,0.0,0.0,0.0,0.0
00:07:07.477,1705491764244,190.214,108.652,0.0,0.0,0.0,0.0,0.0,0,0,0,0,0.0,207.205,114.627,265.575,22.775,14.855,1.0,0.0,0.0,0.0,0.0
00:07:07.494,1705491764261,198.805,112.102,190.903,108.766,418.157,24.017,22.179,0,0,0,0,0.0,206.707,115.437,301.729,23.313,16.487,1.0,0.0,0.0,0.0,0.0
00:07:07.511,1705491764278,189.549,109.144,0.0,0.0,0.0,0.0,0.0,0,0,0,0,0.0,206.54,115.12,294.81,22.275,16.86,1.0,0.0,0.0,0.0,0.0
00:07:07.527,1705491764294,198.83,111.913,190.742,108.762,422.252,24.695,21.782,0,0,0,0,0.0,206.918,115.063,285.62,23.44,15.522,1.0,0.0,0.0,0.0,0.0
00:07:07.544,1705491764311,197.872,111.354,189.941,107.979,415.107,24.458,21.62,1,0,0,0,0.0,205.802,114.728,301.081,22.221,17.261,1.0,0.0,0.0,0.0,0.0
00:07:07.561,1705491764328,197.781,111.59,189.76,108.412,410.296,24.042,21.74,1,0,0,0,0.0,205.801,114.769,285.29,23.369,15.552,1.0,0.0,0.0,0.0,0.0
00:07:07.577,1705491764344,197.672,111.082,189.694,107.964,420.948,24.918,21.52,1,0,0,0,0.0,205.65,114.201,290.787,23.181,15.98,1.0,0.0,0.0,0.0,0.0
00:07:07.594,1705491764361,197.549,111.579,189.617,108.501,410.868,24.417,21.435,1,0,0,0,0.0,205.481,114.657,286.273,23.313,15.643,1.0,0.0,0.0,0.0,0.0
00:07:07.611,1705491764378,197.543,111.618,189.791,107.771,408.19,24.081,21.593,1,0,0,0,0.0,205.296,115.466,309.383,21.22,18.573,1.0,0.0,0.0,0.0,0.0
00:07:07.627,1705491764394,197.686,111.321,189.791,108.242,408.284,23.685,21.959,1,0,0,0,0.0,205.582,114.4,267.569,22.912,14.877,1.0,0.0,0.0,0.0,0.0
00:07:07.644,1705491764411,197.481,111.514,189.815,107.539,424.261,24.543,22.021,1,0,0,0,0.0,205.148,115.49,308.818,21.668,18.156,1.0,0.0,0.0,0.0,0.0
00:07:07.661,1705491764428,197.666,111.56,189.788,108.223,426.43,24.642,22.044,1,0,0,0,0.0,205.543,114.896,306.302,22.896,17.042,1.0,0.0,0.0,0.0,0.0
00:07:07.677,1705491764444,197.865,110.829,189.754,107.393,426.0,24.647,22.018,1,0,0,0,0.0,205.977,114.264,295.103,23.174,16.222,1.0,0.0,0.0,0.0,0.0
00:07:07.694,1705491764461,197.463,111.287,189.888,107.988,421.73,24.219,22.183,1,0,0,0,0.0,205.037,114.586,306.806,23.557,16.591,1.0,0.0,0.0,0.0,0.0
00:07:07.711,1705491764478,197.688,110.784,189.764,107.435,431.958,24.792,22.196,1,0,0,0,0.0,205.613,114.133,285.293,22.218,16.358,1.0,0.0,0.0,0.0,0.0
00:07:07.727,1705491764494,197.502,111.225,189.687,107.851,424.664,24.418,22.155,1,0,0,0,0.0,205.318,114.6,297.345,22.784,16.625,1.0,0.0,0.0,0.0,0.0
00:07:07.744,1705491764511,197.508,110.934,189.68,107.472,446.815,25.43,22.382,1,0,0,0,0.0,205.335,114.396,313.776,23.084,17.316,1.0,0.0,0.0,0.0,0.0
00:07:07.761,1705491764528,198.082,111.069,189.855,107.712,428.812,24.539,22.261,1,0,0,0,0.0,206.309,114.425,314.211,24.644,16.242,1.0,0.0,0.0,0.0,0.0
00:07:07.777,1705491764544,197.521,110.806,189.562,107.194,449.447,25.126,22.787,1,0,0,0,0.0,205.481,114.418,313.897,23.237,17.208,1.0,0.0,0.0,0.0,0.0
00:07:07.794,1705491764561,197.415,111.381,189.55,107.741,440.38,24.71,22.703,1,0,0,0,0.0,205.28,115.022,315.333,22.419,17.918,1.0,0.0,0.0,0.0,0.0
00:07:07.811,1705491764578,197.416,111.139,189.529,106.989,453.91,25.368,22.794,1,0,0,0,0.0,205.304,115.29,326.786,21.581,19.289,1.0,0.0,0.0,0.0,0.0
00:07:07.827,1705491764594,197.531,111.062,189.596,107.648,432.354,24.612,22.378,1,0,0,0,0.0,205.465,114.476,320.717,23.751,17.202,1.0,0.0,0.0,0.0,0.0
00:07:07.844,1705491764611,197.626,111.297,189.631,108.027,450.149,24.604,23.307,1,0,0,0,0.0,205.621,114.567,322.788,22.972,17.9,1.0,0.0,0.0,0.0,0.0
00:07:07.861,1705491764628,198.515,116.072,191.312,113.814,439.48,24.656,22.706,0,317,1,0,0.0,205.718,118.329,286.37,21.837,16.705,1.0,0.0,0.0,0.0,0.0
00:07:07.877,1705491764644,198.188,123.538,189.893,120.976,261.562,23.476,14.193,0,0,1,0,0.0,206.483,126.101,219.94,20.58,13.614,0.0,800.0,1.0,0.0,0.0
00:07:07.894,1705491764661,197.556,127.201,191.036,124.624,317.826,22.947,17.644,1,0,0,33,5.273,204.077,129.778,293.734,19.451,19.237,0.0,0.0,1.0,0.0,0.0
00:07:07.911,1705491764678,197.302,129.592,192.776,126.749,370.439,22.325,21.138,1,0,0,0,0.0,201.827,132.436,220.088,20.664,13.568,1.0,0.0,0.0,34.0,5.866
00:07:07.927,1705491764694,199.868,130.083,192.856,127.426,377.094,22.126,21.711,1,0,0,0,0.0,206.881,132.74,363.827,23.31,19.883,0.0,16.0,1.0,0.0,0.0
00:07:07.944,1705491764711,199.131,129.4,192.249,126.599,378.212,22.911,21.029,1,0,0,0,0.0,206.012,132.202,306.674,21.163,18.46,1.0,0.0,0.0,17.0,2.025
00:07:07.961,1705491764728,199.182,129.689,191.233,127.106,370.593,23.282,20.277,1,0,0,0,0.0,207.131,132.272,355.263,22.797,19.851,1.0,0.0,0.0,0.0,0.0
00:07:07.977,1705491764744,198.197,129.585,191.18,126.643,375.872,23.397,20.465,1,0,0,0,0.0,205.214,132.526,293.227,21.271,17.561,1.0,0.0,0.0,0.0,0.0
00:07:07.994,1705491764761,199.217,129.674,190.965,127.114,376.798,23.759,20.203,1,0,0,0,0.0,207.469,132.234,351.501,22.183,20.186,1.0,0.0,0.0,0.0,0.0
00:07:08.011,1705491764778,198.138,129.382,190.925,126.437,368.882,23.97,19.604,1,0,0,0,0.0,205.351,132.327,284.952,20.763,17.483,1.0,0.0,0.0,0.0,0.0
00:07:08.027,1705491764794,198.977,129.512,190.244,126.865,365.946,24.368,19.13,1,0,0,0,0.0,207.71,132.159,352.129,22.25,20.16,1.0,0.0,0.0,0.0,0.0
00:07:08.044,1705491764811,198.142,129.569,190.539,126.891,363.577,22.473,20.609,1,0,0,0,0.0,205.746,132.246,295.468,21.032,17.896,1.0,0.0,0.0,0.0,0.0
00:07:08.061,1705491764828,198.868,129.688,190.23,127.089,357.343,22.913,19.867,1,0,0,0,0.0,207.506,132.286,311.678,20.892,19.005,1.0,0.0,0.0,0.0,0.0
00:07:08.077,1705491764844,197.815,128.726,190.07,126.072,367.583,23.325,20.075,1,0,0,0,0.0,205.56,131.379,284.556,19.778,18.328,1.0,0.0,0.0,0.0,0.0
00:07:08.094,1705491764861,196.962,129.342,190.274,126.607,351.729,23.141,19.362,1,0,0,0,0.0,203.651,132.078,239.234,22.009,13.847,1.0,0.0,0.0,0.0,0.0
00:07:08.111,1705491764878,198.184,128.315,190.166,125.646,351.751,23.25,19.273,1,0,0,0,0.0,206.203,130.983,288.04,19.896,18.443,1.0,0.0,0.0,0.0,0.0
00:07:08.127,1705491764894,232.626,136.326,190.473,126.259,346.089,23.757,18.558,1,0,0,0,0.0,274.78,146.393,199.601,19.454,13.07,0.0,183.0,1.0,0.0,0.0
00:07:08.144,1705491764911,198.089,128.463,190.396,125.819,340.386,22.72,19.085,1,0,0,0,0.0,205.783,131.106,274.779,19.739,17.733,0.0,0.0,1.0,0.0,0.0
00:07:08.161,1705491764928,197.31,129.133,190.63,126.036,333.823,23.032,18.463,1,0,0,0,0.0,203.99,132.229,233.627,20.43,14.567,1.0,0.0,0.0,34.0,0.409
00:07:08.177,1705491764944,233.022,135.72,190.703,125.478,335.972,22.659,18.888,1,0,0,0,0.0,275.341,145.962,192.792,18.834,13.04,0.0,16.0,1.0,0.0,0.0
00:07:08.194,1705491764961,232.161,135.404,190.693,126.031,327.233,22.768,18.309,1,0,0,0,0.0,0.0,0.0,0.0,0.0,0.0,0.0,0.0,0.0,17.0,29.064
00:07:08.211,1705491764978,198.078,127.677,190.59,125.233,328.447,22.913,18.261,1,0,0,0,0.0,273.628,144.778,230.645,20.687,14.203,0.0,0.0,0.0,0.0,0.0
00:07:08.227,1705491764994,197.672,122.755,190.29,123.233,294.975,22.259,16.881,1,0,0,0,0.0,205.565,130.12,228.433,18.946,15.359,0.0,0.0,1.0,0.0,0.0
00:07:08.244,1705491765011,197.467,118.466,190.578,117.402,384.14,24.871,19.676,0,350,1,0,0.0,205.055,122.278,212.404,19.945,13.566,0.0,0.0,1.0,0.0,0.0
00:07:08.261,1705491765028,197.448,115.239,190.245,112.835,351.665,22.358,20.036,0,0,1,0,0.0,204.356,119.53,274.189,21.051,16.592,1.0,0.0,0.0,34.0,3.144
00:07:08.277,1705491765044,196.925,115.07,189.674,111.825,358.262,21.829,20.907,1,0,0,33,5.347,204.651,117.643,280.82,21.318,16.781,1.0,0.0,0.0,0.0,0.0
00:07:08.294,1705491765061,196.919,115.322,189.106,112.483,338.332,21.672,19.887,1,0,0,0,0.0,204.176,118.315,285.344,21.186,17.157,1.0,0.0,0.0,0.0,0.0
00:07:08.311,1705491765078,196.829,115.687,188.792,112.862,338.809,23.258,18.557,1,0,0,0,0.0,204.732,118.161,274.228,21.066,16.583,1.0,0.0,0.0,0.0,0.0
00:07:08.327,1705491765094,196.827,115.007,189.092,112.622,337.06,20.931,20.514,1,0,0,0,0.0,204.867,118.512,287.452,23.62,15.503,1.0,0.0,0.0,0.0,0.0
00:07:08.344,1705491765111,196.627,115.34,188.659,112.475,315.833,21.563,18.658,1,0,0,0,0.0,204.563,117.391,281.891,21.763,16.5,1.0,0.0,0.0,0.0,0.0
00:07:08.361,1705491765128,196.68,115.163,188.714,112.88,319.373,21.022,19.353,1,0,0,0,0.0,204.595,118.204,296.991,22.96,16.478,1.0,0.0,0.0,0.0,0.0
00:07:08.377,1705491765144,196.697,115.822,188.642,112.963,348.996,21.767,20.425,1,0,0,0,0.0,204.646,117.447,283.314,22.207,16.252,1.0,0.0,0.0,0.0,0.0
00:07:08.394,1705491765161,196.582,115.622,188.233,113.158,336.009,22.199,19.281,1,0,0,0,0.0,204.753,118.682,277.191,21.981,16.064,1.0,0.0,0.0,0.0,0.0
00:07:08.411,1705491765178,196.507,115.689,187.75,112.767,310.66,21.064,18.787,1,0,0,0,0.0,204.931,118.085,283.341,21.772,16.578,1.0,0.0,0.0,0.0,0.0
00:07:08.427,1705491765194,204.286,118.06,187.295,112.084,352.919,23.497,19.133,1,0,0,0,0.0,205.264,118.611,285.422,21.709,16.749,1.0,0.0,0.0,0.0,0.0
00:07:08.444,1705491765211,0.0,0.0,0.0,0.0,0.0,0.0,0.0,0,167,0,0,0.0,0.0,0.0,0.0,0.0,0.0,0.0,183.0,0.0,0.0,0.0
00:07:08.461,1705491765228,0.0,0.0,0.0,0.0,0.0,0.0,0.0,0,0,0,0,0.0,0.0,0.0,0.0,0.0,0.0,0.0,0.0,0.0,0.0,0.0
00:07:08.477,1705491765244,0.0,0.0,0.0,0.0,0.0,0.0,0.0,0,0,0,0,0.0,0.0,0.0,0.0,0.0,0.0,0.0,0.0,0.0,0.0,0.0
00:07:08.494,1705491765261,0.0,0.0,0.0,0.0,0.0,0.0,0.0,0,0,0,0,0.0,0.0,0.0,0.0,0.0,0.0,0.0,0.0,0.0,0.0,0.0
00:07:08.511,1705491765278,0.0,0.0,0.0,0.0,0.0,0.0,0.0,0,0,0,0,0.0,0.0,0.0,0.0,0.0,0.0,0.0,0.0,0.0,0.0,0.0
00:07:08.527,1705491765294,189.372,119.006,0.0,0.0,0.0,0.0,0.0,0,0,0,0,0.0,206.363,124.981,202.623,20.469,12.61,0.0,0.0,0.0,0.0,0.0
00:07:08.544,1705491765311,189.329,117.561,0.0,0.0,0.0,0.0,0.0,0,0,0,0,0.0,206.32,123.536,240.51,20.201,15.166,1.0,0.0,0.0,0.0,0.0
00:07:08.561,1705491765328,198.498,119.951,190.97,116.598,372.722,23.873,19.889,0,0,0,0,0.0,206.026,123.303,241.341,20.266,15.17,1.0,0.0,0.0,0.0,0.0
00:07:08.577,1705491765344,198.54,120.233,190.862,116.462,326.788,21.905,19.005,1,0,0,0,0.0,206.219,124.005,217.26,20.1,13.769,1.0,0.0,0.0,0.0,0.0
00:07:08.594,1705491765361,198.749,120.287,190.602,115.242,337.196,25.785,16.659,1,0,0,0,0.0,206.895,125.331,226.269,20.827,13.84,1.0,0.0,0.0,0.0,0.0
00:07:08.611,1705491765378,198.436,118.577,190.621,116.056,341.135,22.702,19.142,1,0,0,0,0.0,206.251,121.098,271.507,21.302,16.236,0.0,67.0,1.0,0.0,0.0
00:07:08.627,1705491765394,198.428,119.098,190.622,116.267,318.334,23.923,16.951,1,0,0,0,0.0,206.234,121.928,245.725,20.953,14.94,1.0,0.0,0.0,16.0,1.179
00:07:08.644,1705491765411,198.499,118.739,190.63,116.267,329.198,22.649,18.516,1,0,0,0,0.0,206.367,121.212,272.828,21.059,16.504,1.0,0.0,0.0,0.0,0.0
00:07:08.661,1705491765428,198.654,119.06,190.994,116.392,343.771,23.764,18.428,1,0,0,0,0.0,206.314,121.729,255.06,20.011,16.237,1.0,0.0,0.0,0.0,0.0
00:07:08.677,1705491765444,198.437,118.786,190.538,116.244,328.104,24.288,17.209,1,0,0,0,0.0,206.336,121.329,274.263,20.868,16.742,1.0,0.0,0.0,0.0,0.0
00:07:08.694,1705491765461,199.042,120.733,191.29,116.044,346.048,23.987,18.377,1,0,0,0,0.0,206.794,125.422,223.409,21.0,13.552,1.0,0.0,0.0,0.0,0.0
00:07:08.711,1705491765478,198.376,118.648,190.817,115.893,335.332,24.528,17.416,1,0,0,0,0.0,205.935,121.403,276.37,21.792,16.156,0.0,84.0,1.0,0.0,0.0
00:07:08.727,1705491765494,199.196,121.0,191.113,116.206,370.768,23.953,19.719,1,0,0,0,0.0,207.28,125.794,224.278,19.945,14.325,0.0,0.0,1.0,0.0,0.0
00:07:08.744,1705491765511,198.173,118.615,190.334,116.172,336.853,24.267,17.683,1,0,0,0,0.0,206.013,121.058,278.191,22.358,15.851,0.0,0.0,1.0,0.0,0.0
00:07:08.761,1705491765528,198.62,119.055,191.23,116.221,336.573,25.296,16.95,1,0,0,0,0.0,206.01,121.888,268.775,21.02,16.288,1.0,0.0,0.0,50.0,0.53
00:07:08.777,1705491765544,198.299,118.999,190.398,116.376,322.067,25.163,16.305,1,0,0,0,0.0,206.2,121.623,279.499,21.347,16.679,1.0,0.0,0.0,0.0,0.0
00:07:08.794,1705491765561,199.033,118.867,192.086,115.821,315.362,25.526,15.738,1,0,0,0,0.0,205.98,121.914,272.816,21.15,16.432,1.0,0.0,0.0,0.0,0.0
00:07:08.811,1705491765578,198.236,118.558,190.672,116.175,340.136,25.194,17.198,1,0,0,0,0.0,205.801,120.941,279.52,23.014,15.472,1.0,0.0,0.0,0.0,0.0
00:07:08.827,1705491765594,198.632,119.036,191.338,116.177,342.818,25.936,16.838,1,0,0,0,0.0,205.925,121.894,268.547,21.496,15.915,1.0,0.0,0.0,0.0,0.0
00:07:08.844,1705491765611,196.957,120.323,187.72,119.297,189.504,18.776,12.857,0,267,1,0,0.0,206.194,121.348,271.809,21.092,16.417,1.0,0.0,0.0,0.0,0.0
00:07:08.861,1705491765628,196.872,121.159,187.882,120.21,196.132,19.915,12.546,1,0,0,17,1.792,205.863,122.108,292.847,23.27,16.031,1.0,0.0,0.0,0.0,0.0
00:07:08.877,1705491765644,189.177,115.237,0.0,0.0,0.0,0.0,0.0,0,16,0,0,0.0,206.168,121.212,272.243,21.256,16.316,1.0,0.0,0.0,0.0,0.0
00:07:08.894,1705491765661,198.888,119.085,191.797,116.314,323.309,25.945,15.874,0,0,0,0,0.0,205.98,121.856,292.47,23.864,15.612,1.0,0.0,0.0,0.0,0.0
00:07:08.911,1705491765678,196.773,120.446,187.654,119.599,213.205,20.735,13.098,0,0,1,0,0.0,205.892,121.293,277.903,22.087,16.028,1.0,0.0,0.0,0.0,0.0
00:07:08.927,1705491765694,198.553,119.562,191.659,116.957,330.554,25.718,16.373,0,0,1,0,0.0,205.447,122.167,283.685,22.13,16.33,1.0,0.0,0.0,0.0,0.0
00:07:08.944,1705491765711,196.972,120.427,188.272,119.773,222.943,21.227,13.38,0,0,1,0,0.0,205.673,121.082,279.64,22.759,15.652,1.0,0.0,0.0,0.0,0.0
00:07:08.961,1705491765728,198.869,119.449,192.196,116.794,324.46,25.534,16.187,0,0,1,0,0.0,205.541,122.105,281.996,21.934,16.378,1.0,0.0,0.0,0.0,0.0
00:07:08.977,1705491765744,188.352,115.004,0.0,0.0,0.0,0.0,0.0,0,0,0,66,2.135,205.343,120.979,284.174,23.764,15.233,1.0,0.0,0.0,0.0,0.0
00:07:08.994,1705491765761,198.511,119.378,191.728,116.714,326.158,25.838,16.08,0,0,0,0,0.0,205.293,122.042,277.745,22.935,15.427,1.0,0.0,0.0,0.0,0.0
00:07:09.011,1705491765778,190.683,119.836,0.0,0.0,0.0,0.0,0.0,0,0,0,0,0.0,207.674,125.812,215.164,20.365,13.459,0.0,250.0,1.0,0.0,0.0
00:07:09.027,1705491765794,199.44,119.319,192.728,116.609,298.406,24.316,15.633,0,0,0,0,0.0,206.153,122.03,258.746,20.71,15.916,0.0,0.0,1.0,0.0,0.0
00:07:09.044,1705491765811,189.102,116.06,0.0,0.0,0.0,0.0,0.0,0,0,0,0,0.0,206.093,122.035,284.06,21.637,16.724,1.0,0.0,0.0,33.0,0.208
00:07:09.061,1705491765828,199.417,119.43,192.944,116.567,303.773,25.198,15.357,0,0,0,0,0.0,205.891,122.293,263.723,20.793,16.157,1.0,0.0,0.0,0.0,0.0
00:07:09.077,1705491765844,198.927,118.971,191.433,116.033,327.937,25.243,16.549,1,0,0,0,0.0,206.421,121.908,281.405,21.026,17.049,1.0,0.0,0.0,0.0,0.0
00:07:09.094,1705491765861,199.008,119.874,192.05,116.959,343.558,24.57,17.813,1,0,0,0,0.0,205.965,122.789,267.643,20.93,16.29,1.0,0.0,0.0,0.0,0.0
00:07:09.111,1705491765878,197.345,120.685,188.415,119.681,191.672,20.025,12.193,0,34,1,0,0.0,206.275,121.69,268.553,21.289,16.07,1.0,0.0,0.0,0.0,0.0
00:07:09.127,1705491765894,199.111,119.947,192.211,116.905,309.546,25.175,15.663,0,0,1,0,0.0,206.01,122.989,268.005,20.404,16.733,1.0,0.0,0.0,0.0,0.0
00:07:09.144,1705491765911,196.998,120.308,188.531,119.591,197.246,19.945,12.598,0,0,1,0,0.0,205.466,121.024,231.521,21.375,13.798,1.0,0.0,0.0,0.0,0.0
00:07:09.161,1705491765928,198.734,119.843,191.696,116.79,334.032,25.121,16.939,1,0,0,50,1.784,205.771,122.896,262.711,20.557,16.28,1.0,0.0,0.0,0.0,0.0
00:07:09.177,1705491765944,199.488,119.159,192.707,116.384,267.762,23.772,14.348,1,0,0,0,0.0,206.268,121.933,263.971,20.67,16.268,1.0,0.0,0.0,0.0,0.0
00:07:09.194,1705491765961,199.188,119.788,192.489,116.567,289.418,24.516,15.039,1,0,0,0,0.0,205.887,123.009,259.219,19.883,16.608,1.0,0.0,0.0,0.0,0.0
00:07:09.211,1705491765978,199.208,118.957,192.692,116.46,273.75,23.46,14.865,1,0,0,0,0.0,205.724,121.453,236.074,20.306,14.81,1.0,0.0,0.0,0.0,0.0
00:07:09.227,1705491765994,199.188,119.685,193.037,116.672,298.553,24.67,15.416,1,0,0,0,0.0,205.34,122.697,252.324,20.133,15.965,1.0,0.0,0.0,0.0,0.0
00:07:09.244,1705491766011,189.098,115.87,0.0,0.0,0.0,0.0,0.0,0,83,0,0,0.0,206.089,121.846,245.855,20.64,15.174,1.0,0.0,0.0,0.0,0.0
00:07:09.261,1705491766028,197.252,121.719,188.647,120.671,190.907,19.748,12.315,0,0,0,0,0.0,205.856,122.767,263.84,20.762,16.189,1.0,0.0,0.0,0.0,0.0
00:07:09.277,1705491766044,188.763,115.781,0.0,0.0,0.0,0.0,0.0,0,0,0,0,0.0,205.754,121.757,236.506,20.244,14.882,1.0,0.0,0.0,0.0,0.0
00:07:09.294,1705491766061,199.042,119.96,192.369,116.841,305.734,24.865,15.664,0,0,0,0,0.0,205.714,123.079,265.266,20.565,16.432,1.0,0.0,0.0,0.0,0.0
